<step title="BackgroundTrace" date="2025-10-21T14:01:16.714" instance="10ec71" url="/api/zipdeploy" method="POST" >
  <step title="Creating temporary deployment - FetchDeploymentManager" date="2025-10-21T14:01:16.925" /><!-- duration: 10ms -->
  <step title="Creating temporary deployment" date="2025-10-21T14:01:16.978" /><!-- duration: 203ms -->
  <step title="Performing fetch based deployment" date="2025-10-21T14:01:17.371" >
    <step title="Cleaning up temp folders from previous zip deployments and extracting pushed zip file /tmp/zipdeploy/4b5018b9-5f38-43d0-8dda-61b4987c50eb.zip (0.04 MB) to /tmp/zipdeploy/extracted" date="2025-10-21T14:01:18.701" >
      <step title="ChmodRecursive Process exited with total time taken in ms: 82" date="2025-10-21T14:01:18.890" /><!-- duration: 10ms -->
    </step><!-- duration: 213ms -->
    <step title="Deployment timer started" date="2025-10-21T14:01:20.939" >
      <step title="DeploymentManager.Deploy(id:74cb7bc3-10dc-4e2f-aed0-95177ebc9ad4)" date="2025-10-21T14:01:20.945" >
        <step title="Collecting changeset information" date="2025-10-21T14:01:21.032" /><!-- duration: 179ms -->
        <step title="Updating submodules" date="2025-10-21T14:01:21.245" /><!-- duration: 1257ms -->
        <step title="Determining deployment builder" date="2025-10-21T14:01:23.316" >
          <step title="Builder is OryxBuilder" date="2025-10-21T14:01:23.368" /><!-- duration: 27ms -->
        </step><!-- duration: 106ms -->
        <step title="PreDeployment: context.CleanOutputPath False" date="2025-10-21T14:01:23.541" >
          <step title="PreDeployment: context.OutputPath /home/site/wwwroot" date="2025-10-21T14:01:23.844" >
            <step title="Building" date="2025-10-21T14:01:24.128" >
              <step title="Executing external process" date="2025-10-21T14:01:24.774" type="process" path="bash" arguments="-c &quot;oryx build /tmp/zipdeploy/extracted -o /home/site/wwwroot --platform python --platform-version 3.10 -p virtualenv_name=antenv --log-file /tmp/build-debug.log  -i /tmp/8de10aa51b3e242 --compress-destination-dir | tee /tmp/oryx-build.log ; exit $PIPESTATUS &quot;" >
                <step title="Cpu: python(1871,19.600s)+ts(1872,0.120s)+build.sh(1870,0.000s)+build.sh(1869,0.000s)+build.sh(1785,0.040s)+oryx(1767,3.430s)+tee(1768,0.020s)+bash(1766,0.010s)=total(23.220s)" date="2025-10-21T14:02:52.920" /><!-- duration: 74ms -->
                <step title="bash: no io activity for 60s, prev-cpu=-1.000s, current-cpu=23.220s" date="2025-10-21T14:02:53.092" /><!-- duration: 111ms -->
                <step title="Cpu: python(1871,63.480s)+ts(1872,0.130s)+build.sh(1870,0.000s)+build.sh(1869,0.000s)+build.sh(1785,0.060s)+oryx(1767,3.710s)+tee(1768,0.020s)+bash(1766,0.010s)=total(67.380s)" date="2025-10-21T14:03:53.845" /><!-- duration: 29ms -->
                <step title="bash: no io activity for 121s, prev-cpu=23.220s, current-cpu=67.380s" date="2025-10-21T14:03:53.940" /><!-- duration: 21ms -->
                <step title="Error occurred" date="2025-10-21T14:05:18.663" type="error" text="Deployment has been stopped due to SCM container restart. The restart can happen due to a management operation on site. Do not perform a management operation and a deployment operation in quick succession. Adding a small delay can help avoid any conflicts." /><!-- duration: 13ms -->
                <step title="Killing external process" date="2025-10-21T14:05:18.700" >
                  <step title="Abort Process &apos;gzip(1964)&apos;." date="2025-10-21T14:05:18.912" /><!-- duration: 29ms -->
                  <step title="Abort Process &apos;build.sh(1785)&apos;." date="2025-10-21T14:05:19.036" /><!-- duration: 5ms -->
                  <step title="Abort Process &apos;oryx(1767)&apos;." date="2025-10-21T14:05:19.057" /><!-- duration: 6ms -->
                  <step title="Abort Process &apos;tee(1768)&apos;." date="2025-10-21T14:05:19.069" /><!-- duration: 4ms -->
                  <step title="Abort Process &apos;bash(1766)&apos;." date="2025-10-21T14:05:19.080" /><!-- duration: 10ms -->
                  <step title="Process dump" date="2025-10-21T14:05:19.424" exitCode="137" type="processOutput" /><!-- duration: 17ms -->
                </step><!-- duration: 779ms -->
                <step title="Error occurred" date="2025-10-21T14:05:19.774" type="error" text="
/bin/bash -c &quot;oryx build /tmp/zipdeploy/extracted -o /home/site/wwwroot --platform python --platform-version 3.10 -p virtualenv_name=antenv --log-file /tmp/build-debug.log  -i /tmp/8de10aa51b3e242 --compress-destination-dir | tee /tmp/oryx-build.log ; exit $PIPESTATUS &quot;" stackTrace="   at Kudu.Core.Infrastructure.Executable.ExecuteInternal(ITracer tracer, Func`2 onWriteOutput, Func`2 onWriteError, CancellationToken token, Encoding encoding, String arguments, Object[] args) in /tmp/KuduLite/Kudu.Core/Infrastructure/Executable.cs:line 239
   at Kudu.Core.Infrastructure.Executable.ExecuteWithProgressWriter(ILogger logger, ITracer tracer, CancellationToken token, String arguments, Object[] args) in /tmp/KuduLite/Kudu.Core/Infrastructure/Executable.cs:line 118
   at Kudu.Core.Deployment.Generator.ExternalCommandBuilder.RunCommand(DeploymentContext context, String command, Boolean ignoreManifest, CancellationToken token, String message) in /tmp/KuduLite/Kudu.Core/Deployment/Generator/ExternalCommandBuilder.cs:line 122" /><!-- duration: 102ms -->
                <step title="Error occurred" date="2025-10-21T14:05:20.090" type="error" text="
/bin/bash -c &quot;oryx build /tmp/zipdeploy/extracted -o /home/site/wwwroot --platform python --platform-version 3.10 -p virtualenv_name=antenv --log-file /tmp/build-debug.log  -i /tmp/8de10aa51b3e242 --compress-destination-dir | tee /tmp/oryx-build.log ; exit $PIPESTATUS &quot;" stackTrace="   at Kudu.Core.Infrastructure.Executable.ExecuteInternal(ITracer tracer, Func`2 onWriteOutput, Func`2 onWriteError, CancellationToken token, Encoding encoding, String arguments, Object[] args) in /tmp/KuduLite/Kudu.Core/Infrastructure/Executable.cs:line 239
   at Kudu.Core.Infrastructure.Executable.ExecuteWithProgressWriter(ILogger logger, ITracer tracer, CancellationToken token, String arguments, Object[] args) in /tmp/KuduLite/Kudu.Core/Infrastructure/Executable.cs:line 118
   at Kudu.Core.Deployment.Generator.ExternalCommandBuilder.RunCommand(DeploymentContext context, String command, Boolean ignoreManifest, CancellationToken token, String message) in /tmp/KuduLite/Kudu.Core/Deployment/Generator/ExternalCommandBuilder.cs:line 122
   at Kudu.Core.Deployment.Generator.OryxBuilder.RunBuildCommand(IOryxArguments args, DeploymentContext context, CancellationToken token) in /tmp/KuduLite/Kudu.Core/Deployment/Generator/OryxBuilder.cs:line 295
   at Kudu.Core.Deployment.Generator.OryxBuilder.Build(DeploymentContext context, CancellationToken token) in /tmp/KuduLite/Kudu.Core/Deployment/Generator/OryxBuilder.cs:line 136
   at Kudu.Core.Deployment.DeploymentManager.Build(ChangeSet changeSet, ITracer tracer, IDisposable deployStep, IRepository repository, DeploymentInfoBase deploymentInfo, DeploymentAnalytics deploymentAnalytics, Boolean fullBuildByDefault, CancellationToken cancellationToken) in /tmp/KuduLite/Kudu.Core/Deployment/DeploymentManager.cs:line 771" /><!-- duration: 36ms -->
