<step title="BackgroundTrace" date="2025-10-26T08:48:32.729" instance="10ec71" url="/api/zipdeploy" method="POST" >
  <step title="Cleanup Xml Logs" date="2025-10-26T08:48:32.778" >
    <step title="Cleanup Infos" date="2025-10-26T08:48:33.192" totalFiles="305" totalCleanup="145" /><!-- duration: 209ms -->
  </step><!-- duration: 713ms -->
  <step title="Creating temporary deployment - FetchDeploymentManager" date="2025-10-26T08:48:34.765" /><!-- duration: 126ms -->
  <step title="Creating temporary deployment" date="2025-10-26T08:48:35.111" /><!-- duration: 2275ms -->
  <step title="Performing fetch based deployment" date="2025-10-26T08:48:39.086" >
    <step title="Cleaning up temp folders from previous zip deployments and extracting pushed zip file /tmp/zipdeploy/253d8509-eed0-40d9-8b45-129dbadd70f5.zip (0.01 MB) to /tmp/zipdeploy/extracted" date="2025-10-26T08:48:42.425" >
      <step title="ChmodRecursive Process exited with total time taken in ms: 759" date="2025-10-26T08:48:47.751" /><!-- duration: 421ms -->
    </step><!-- duration: 6009ms -->
    <step title="Deployment timer started" date="2025-10-26T08:48:50.811" >
      <step title="DeploymentManager.Deploy(id:2a206385-d481-49ad-911e-0019c4500e28)" date="2025-10-26T08:48:50.944" >
        <step title="Collecting changeset information" date="2025-10-26T08:48:51.218" /><!-- duration: 536ms -->
        <step title="Updating submodules" date="2025-10-26T08:48:51.844" /><!-- duration: 1763ms -->
        <step title="Determining deployment builder" date="2025-10-26T08:49:13.970" >
          <step title="Builder is OryxBuilder" date="2025-10-26T08:49:13.992" /><!-- duration: 11ms -->
        </step><!-- duration: 48ms -->
        <step title="PreDeployment: context.CleanOutputPath False" date="2025-10-26T08:49:14.112" >
          <step title="PreDeployment: context.OutputPath /home/site/wwwroot" date="2025-10-26T08:49:14.319" >
            <step title="Building" date="2025-10-26T08:49:14.841" >
              <step title="Executing external process" date="2025-10-26T08:49:15.569" type="process" path="bash" arguments="-c &quot;oryx build /tmp/zipdeploy/extracted -o /home/site/wwwroot --platform python --platform-version 3.10 -p virtualenv_name=antenv --log-file /tmp/build-debug.log  -i /tmp/8de146c8a2c83f6 --compress-destination-dir | tee /tmp/oryx-build.log ; exit $PIPESTATUS &quot;" 