<step title="BackgroundTrace" date="2025-10-25T08:42:33.536" instance="10ec71" url="/api/zipdeploy" method="POST" >
  <step title="Creating temporary deployment - FetchDeploymentManager" date="2025-10-25T08:42:33.726" /><!-- duration: 2ms -->
  <step title="Creating temporary deployment" date="2025-10-25T08:42:33.747" /><!-- duration: 91ms -->
  <step title="Performing fetch based deployment" date="2025-10-25T08:42:33.951" >
    <step title="Cleaning up temp folders from previous zip deployments and extracting pushed zip file /tmp/zipdeploy/0c6bca4e-d1a6-4d7e-8eb9-5624e9e8fe4d.zip (0.28 MB) to /tmp/zipdeploy/extracted" date="2025-10-25T08:42:35.247" >
      <step title="ChmodRecursive Process exited with total time taken in ms: 127" date="2025-10-25T08:42:35.569" /><!-- duration: 11ms -->
    </step><!-- duration: 341ms -->
    <step title="Deployment timer started" date="2025-10-25T08:42:37.650" >
      <step title="DeploymentManager.Deploy(id:679d0409-a840-4dff-911b-42c6119675d0)" date="2025-10-25T08:42:37.682" >
        <step title="Collecting changeset information" date="2025-10-25T08:42:37.786" /><!-- duration: 193ms -->
        <step title="Updating submodules" date="2025-10-25T08:42:37.990" /><!-- duration: 1180ms -->
        <step title="Determining deployment builder" date="2025-10-25T08:42:39.484" >
          <step title="Builder is OryxBuilder" date="2025-10-25T08:42:39.532" /><!-- duration: 9ms -->
        </step><!-- duration: 86ms -->
        <step title="PreDeployment: context.CleanOutputPath False" date="2025-10-25T08:42:39.650" >
          <step title="PreDeployment: context.OutputPath /home/site/wwwroot" date="2025-10-25T08:42:39.816" >
            <step title="Building" date="2025-10-25T08:42:40.038" >
              <step title="Executing external process" date="2025-10-25T08:42:40.666" type="process" path="bash" arguments="-c &quot;oryx build /tmp/zipdeploy/extracted -o /home/site/wwwroot --platform python --platform-version 3.10 -p virtualenv_name=antenv --log-file /tmp/build-debug.log  -i /tmp/8de13a274a5705e --compress-destination-dir | tee /tmp/oryx-build.log ; exit $PIPESTATUS &quot;" >
                <step title="Cpu: python(57094,40.890s)+ts(57095,0.130s)+build.sh(57093,0.000s)+build.sh(57092,0.000s)+build.sh(57012,0.070s)+oryx(56991,3.610s)+tee(56992,0.010s)+bash(56990,0.000s)=total(44.710s)" date="2025-10-25T08:44:06.642" /><!-- duration: 27ms -->
                <step title="bash: no io activity for 60s, prev-cpu=-1.000s, current-cpu=44.710s" date="2025-10-25T08:44:06.735" /><!-- duration: 45ms -->
              </step><!-- duration: 206303ms -->
              <step title="Using PythonDeploymentLogParser" date="2025-10-25T08:46:07.572" /><!-- duration: 6ms -->
              <step title="Triggering recycle (preview mode disabled)." date="2025-10-25T08:46:09.100" /><!-- duration: 8ms -->
              <step title="Modified file to trigger a restart of the app container." date="2025-10-25T08:46:09.147" /><!-- duration: 4ms -->
              <step title="Skip function trigger and logicapp sync because function is not enabled." date="2025-10-25T08:46:09.182" /><!-- duration: 4ms -->
              <step title="Purge deployment items" date="2025-10-25T08:46:10.344" >
                <step title="Remove d6546185-, Success, received at 10/21/2025 14:05:28" date="2025-10-25T08:46:10.422" /><!-- duration: 6ms -->
              </step><!-- duration: 91ms -->
            </step><!-- duration: 210511ms -->
          </step><!-- duration: 210738ms -->
          <step title="Cleaning up temp files" date="2025-10-25T08:46:10.558" /><!-- duration: 3480ms -->
          <step title="Cleaning up temp files" date="2025-10-25T08:46:14.049" /><!-- duration: 512ms -->
          <step title="Reloading status file with latest updates" date="2025-10-25T08:46:14.599" >
            <step title="WebHooksManager.PublishEventAsync: PostDeployment" date="2025-10-25T08:46:14.607" /><!-- duration: 56ms -->
          </step><!-- duration: 72ms -->
          <step title="Cleaning up temporary deployment - fetch deployment was successful" date="2025-10-25T08:46:14.686" /><!-- duration: 10ms -->
        </step><!-- duration: 215110ms -->
      </step><!-- duration: 217202ms -->
