<step title="Incoming Request" date="2025-10-21T14:05:23.369" instance="10ec71" url="/api/publish?type=zip" method="POST" type="request" pid="772,1,5" Accept="*/*" Host="my-chatbot-app-73d666.scm.azurewebsites.net" User-Agent="AZURECLI/2.77.0 (MSI)" Accept-Encoding="gzip, deflate" Authorization="Bas..." Cache-Control="no-cache" Content-Type="application/octet-stream" Cookie="ARRAffinity=10ec71252d15acc549bd1b49685e9bce1d1247141bf9ff915402b1130345f15b; ARRAffinitySameSite=10ec71252d15acc549bd1b49685e9bce1d1247141bf9ff915402b1130345f15b" Content-Length="36951" x-ms-client-request-id="e8aa97f9-ae86-11f0-9114-30138bc23e6b" x-ms-artifact-checksum="8095e46dc1d1fbcd5e8b028c16bb58bd8cddf0e1466a3dcfa93ec9095ca04aaf" X-ARR-LOG-ID="e8aa97f9-ae86-11f0-9114-30138bc23e6b" CLIENT-IP="117.250.76.240:51477" X-SITE-DEPLOYMENT-ID="my-chatbot-app-73d666" WAS-DEFAULT-HOSTNAME="my-chatbot-app-73d666.scm.azurewebsites.net" X-Forwarded-Proto="https" X-AppService-Proto="https" X-Forwarded-TlsVersion="1.3" X-WAWS-Unencoded-URL="/api/publish?type=zip" X-Client-IP="117.250.76.240" X-Client-Port="51477" >
  <step title="Cleanup Xml Logs" date="2025-10-21T14:05:23.379" /><!-- duration: 30ms -->
  <step title="OneDeploy" date="2025-10-21T14:05:23.580" >
    <step title="None repository commit" date="2025-10-21T14:05:23.611" >
      <step title="Commit id: d6546185-476b-425c-8c03-7773e5c50bcf" date="2025-10-21T14:05:23.620" Message="N/A" AuthorName="N/A" AuthorEmail="N/A" /><!-- duration: 4ms -->
    </step><!-- duration: 16ms -->
    <step title="Starting PushDeployAsync" date="2025-10-21T14:05:23.637" /><!-- duration: 8ms -->
    <step title="Writing artifact to /tmp/zipdeploy/501a0fde-53a5-4e2c-853a-ea514747ec2c.zip" date="2025-10-21T14:05:23.675" >
      <step title="Writing multipart request body to /tmp/zipdeploy/501a0fde-53a5-4e2c-853a-ea514747ec2c.zip" date="2025-10-21T14:05:23.680" /><!-- duration: 15ms -->
    </step><!-- duration: 151ms -->
    <step title="Removing previous build artifact&apos;s manifest file" date="2025-10-21T14:05:23.854" >
      <step title="Attempting to fetch target branch HEAD" date="2025-10-21T14:05:23.902" /><!-- duration: 10ms -->
      <step title="Acquiring Deployment Lock" date="2025-10-21T14:05:23.931" /><!-- duration: 25ms -->
      <step title="Acquired Deployment Lock" date="2025-10-21T14:05:24.043" /><!-- duration: 18ms -->
      <step title="Performing fetch based deployment" date="2025-10-21T14:05:24.106" >
        <step title="Creating temporary deployment" date="2025-10-21T14:05:24.127" /><!-- duration: 121ms -->
        <step title="Releasing Deployment Lock" date="2025-10-21T14:05:25.550" /><!-- duration: 11ms -->
        <step title="Cleaning up temp folders from previous zip deployments and extracting pushed zip file /tmp/zipdeploy/501a0fde-53a5-4e2c-853a-ea514747ec2c.zip (0.04 MB) to /tmp/zipdeploy/extracted" date="2025-10-21T14:05:25.645" >
          <step title="ChmodRecursive Process exited with total time taken in ms: 85" date="2025-10-21T14:05:25.815" /><!-- duration: 28ms -->
        </step><!-- duration: 229ms -->
        <step title="None repository commit" date="2025-10-21T14:05:25.893" >
          <step title="Commit id: d6546185-476b-425c-8c03-7773e5c50bcf" date="2025-10-21T14:05:25.902" Message="OneDeploy" AuthorName="N/A" AuthorEmail="N/A" /><!-- duration: 18ms -->
        </step><!-- duration: 31ms -->
        <step title="Deployment timer started" date="2025-10-21T14:05:28.013" >
          <step title="DeploymentManager.Deploy(id:d6546185-476b-425c-8c03-7773e5c50bcf)" date="2025-10-21T14:05:28.071" >
            <step title="Collecting changeset information" date="2025-10-21T14:05:28.164" /><!-- duration: 313ms -->
            <step title="Updating submodules" date="2025-10-21T14:05:28.516" /><!-- duration: 1277ms -->
            <step title="Determining deployment builder" date="2025-10-21T14:05:30.049" >
              <step title="Builder is OryxBuilder" date="2025-10-21T14:05:30.070" /><!-- duration: 7ms -->
            </step><!-- duration: 38ms -->
            <step title="PreDeployment: context.CleanOutputPath False" date="2025-10-21T14:05:30.178" >
              <step title="PreDeployment: context.OutputPath /home/site/wwwroot" date="2025-10-21T14:05:30.324" >
                <step title="Building" date="2025-10-21T14:05:30.542" >
                  <step title="Executing external process" date="2025-10-21T14:05:30.983" type="process" path="bash" arguments="-c &quot;oryx build /tmp/zipdeploy/extracted -o /home/site/wwwroot --platform python --platform-version 3.10 -p virtualenv_name=antenv --log-file /tmp/build-debug.log  -i /tmp/8de10aae4b9bda7 --compress-destination-dir | tee /tmp/oryx-build.log ; exit $PIPESTATUS &quot;" >
                    <step title="Cpu: python(945,17.830s)+ts(946,0.160s)+build.sh(944,0.000s)+build.sh(943,0.000s)+build.sh(820,0.120s)+oryx(803,4.100s)+tee(804,0.000s)+bash(802,0.000s)=total(22.190s)" date="2025-10-21T14:07:55.689" /><!-- duration: 40ms -->
                    <step title="bash: no io activity for 61s, prev-cpu=-1.000s, current-cpu=22.190s" date="2025-10-21T14:07:55.858" /><!-- duration: 83ms -->
                    <step title="Cpu: python(945,49.410s)+ts(946,0.200s)+build.sh(944,0.000s)+build.sh(943,0.000s)+build.sh(820,0.120s)+oryx(803,4.670s)+tee(804,0.000s)+bash(802,0.000s)=total(54.390s)" date="2025-10-21T14:08:56.502" /><!-- duration: 18ms -->
                    <step title="bash: no io activity for 123s, prev-cpu=22.190s, current-cpu=54.390s" date="2025-10-21T14:08:56.531" /><!-- duration: 9ms -->
                    <step title="Cpu: gzip(1178,20.000s)+sh(1177,0.000s)+tar(1176,2.550s)+build.sh(820,0.130s)+oryx(803,6.330s)+tee(804,0.000s)+bash(802,0.000s)=total(28.990s)" date="2025-10-21T14:11:34.819" /><!-- duration: 27ms -->
                    <step title="bash: no io activity for 61s, prev-cpu=-1.000s, current-cpu=28.990s" date="2025-10-21T14:11:34.884" /><!-- duration: 36ms -->
                  </step><!-- duration: 425976ms -->
                  <step title="Using PythonDeploymentLogParser" date="2025-10-21T14:12:40.240" /><!-- duration: 57ms -->
                  <step title="Modified file to trigger a restart of the app container." date="2025-10-21T14:12:46.734" /><!-- duration: 58ms -->
                  <step title="Skip function trigger and logicapp sync because function is not enabled." date="2025-10-21T14:12:46.904" /><!-- duration: 38ms -->
                  <step title="Purge deployment items" date="2025-10-21T14:12:49.369" >
                    <step title="Remove temp-8237, Pending, received at 10/21/2025 14:09:48" date="2025-10-21T14:12:49.577" /><!-- duration: 11ms -->
                    <step title="Remove temp-73ea, Pending, received at 10/21/2025 14:05:24" date="2025-10-21T14:12:49.737" /><!-- duration: 47ms -->
                    <step title="Remove 74cb7bc3-, Failed, received at 10/21/2025 14:01:21" date="2025-10-21T14:12:49.899" /><!-- duration: 20ms -->
                  </step><!-- duration: 577ms -->
                </step><!-- duration: 441486ms -->
              </step><!-- duration: 441719ms -->
              <step title="Cleaning up temp files" date="2025-10-21T14:12:52.051" /><!-- duration: 8229ms -->
              <step title="Cleaning up temp files" date="2025-10-21T14:13:00.333" /><!-- duration: 540ms -->
              <step title="Reloading status file with latest updates" date="2025-10-21T14:13:00.988" >
                <step title="WebHooksManager.PublishEventAsync: PostDeployment" date="2025-10-21T14:13:01.007" /><!-- duration: 276ms -->
              </step><!-- duration: 326ms -->
              <step title="Cleaning up temporary deployment - fetch deployment was successful" date="2025-10-21T14:13:01.352" /><!-- duration: 11ms -->
            </step><!-- duration: 451281ms -->
          </step><!-- duration: 453414ms -->
          <step title="Outgoing response" date="2025-10-21T14:13:01.507" type="response" statusCode="200" statusText="OK" /><!-- duration: 16ms -->
        </step><!-- duration: 453522ms -->
