<step title="Incoming Request" date="2025-10-21T14:28:54.905" instance="10ec71" url="/api/publish?type=zip" method="POST" type="request" pid="772,1,18" Accept="*/*" Host="my-chatbot-app-73d666.scm.azurewebsites.net" User-Agent="AZURECLI/2.77.0 (MSI)" Accept-Encoding="gzip, deflate" Authorization="Bas..." Cache-Control="no-cache" Content-Type="application/octet-stream" Cookie="ARRAffinity=10ec71252d15acc549bd1b49685e9bce1d1247141bf9ff915402b1130345f15b; ARRAffinitySameSite=10ec71252d15acc549bd1b49685e9bce1d1247141bf9ff915402b1130345f15b" Content-Length="67449" x-ms-client-request-id="3aaa1d80-ae8a-11f0-8206-30138bc23e6b" x-ms-artifact-checksum="aeab8925c7b2c83a6d7a069e8f4a5369c84dd8dccb93d02a785183b35ee43a9e" X-ARR-LOG-ID="3aaa1d80-ae8a-11f0-8206-30138bc23e6b" CLIENT-IP="117.250.76.240:59890" X-SITE-DEPLOYMENT-ID="my-chatbot-app-73d666" WAS-DEFAULT-HOSTNAME="my-chatbot-app-73d666.scm.azurewebsites.net" X-Forwarded-Proto="https" X-AppService-Proto="https" X-Forwarded-TlsVersion="1.3" X-WAWS-Unencoded-URL="/api/publish?type=zip" X-Client-IP="117.250.76.240" X-Client-Port="59890" >
  <step title="OneDeploy" date="2025-10-21T14:28:54.957" >
    <step title="Starting PushDeployAsync" date="2025-10-21T14:28:54.968" /><!-- duration: 4ms -->
    <step title="Writing artifact to /tmp/zipdeploy/c110d9c5-8819-41aa-a823-149b25588f61.zip" date="2025-10-21T14:28:54.994" >
      <step title="Writing multipart request body to /tmp/zipdeploy/c110d9c5-8819-41aa-a823-149b25588f61.zip" date="2025-10-21T14:28:54.998" /><!-- duration: 11ms -->
    </step><!-- duration: 534ms -->
    <step title="Removing previous build artifact&apos;s manifest file" date="2025-10-21T14:28:55.537" >
      <step title="Attempting to fetch target branch HEAD" date="2025-10-21T14:28:55.555" /><!-- duration: 10ms -->
      <step title="Acquiring Deployment Lock" date="2025-10-21T14:28:55.571" /><!-- duration: 11ms -->
      <step title="Acquired Deployment Lock" date="2025-10-21T14:28:55.624" /><!-- duration: 3ms -->
      <step title="Performing fetch based deployment" date="2025-10-21T14:28:55.636" >
        <step title="Creating temporary deployment" date="2025-10-21T14:28:55.641" /><!-- duration: 76ms -->
        <step title="Releasing Deployment Lock" date="2025-10-21T14:28:56.874" /><!-- duration: 8ms -->
        <step title="Cleaning up temp folders from previous zip deployments and extracting pushed zip file /tmp/zipdeploy/c110d9c5-8819-41aa-a823-149b25588f61.zip (0.06 MB) to /tmp/zipdeploy/extracted" date="2025-10-21T14:28:56.928" >
          <step title="ChmodRecursive Process exited with total time taken in ms: 418" date="2025-10-21T14:28:57.757" /><!-- duration: 19ms -->
        </step><!-- duration: 858ms -->
        <step title="None repository commit" date="2025-10-21T14:28:57.825" >
          <step title="Commit id: 730de9bd-2f53-4319-b8e4-4aa1312dbdfa" date="2025-10-21T14:28:57.861" Message="OneDeploy" AuthorName="N/A" AuthorEmail="N/A" /><!-- duration: 11ms -->
        </step><!-- duration: 96ms -->
        <step title="Deployment timer started" date="2025-10-21T14:28:59.940" >
          <step title="DeploymentManager.Deploy(id:730de9bd-2f53-4319-b8e4-4aa1312dbdfa)" date="2025-10-21T14:28:59.967" >
            <step title="Collecting changeset information" date="2025-10-21T14:29:00.073" /><!-- duration: 309ms -->
            <step title="Updating submodules" date="2025-10-21T14:29:00.430" /><!-- duration: 1294ms -->
            <step title="Determining deployment builder" date="2025-10-21T14:29:02.348" >
              <step title="Builder is OryxBuilder" date="2025-10-21T14:29:02.411" /><!-- duration: 19ms -->
            </step><!-- duration: 95ms -->
            <step title="PreDeployment: context.CleanOutputPath False" date="2025-10-21T14:29:02.567" >
              <step title="PreDeployment: context.OutputPath /home/site/wwwroot" date="2025-10-21T14:29:02.979" >
                <step title="Building" date="2025-10-21T14:29:03.342" >
                  <step title="Executing external process" date="2025-10-21T14:29:03.902" type="process" path="bash" arguments="-c &quot;oryx build /tmp/zipdeploy/extracted -o /home/site/wwwroot --platform python --platform-version 3.10 -p virtualenv_name=antenv --log-file /tmp/build-debug.log  -i /tmp/8de10ae2e8f577d --compress-destination-dir | tee /tmp/oryx-build.log ; exit $PIPESTATUS &quot;" >
                    <step title="Cpu: python(1779,41.250s)+ts(1780,0.160s)+build.sh(1778,0.000s)+build.sh(1777,0.000s)+build.sh(1695,0.040s)+oryx(1676,3.210s)+tee(1677,0.010s)+bash(1675,0.000s)=total(44.640s)" date="2025-10-21T14:30:28.830" /><!-- duration: 38ms -->
                    <step title="bash: no io activity for 61s, prev-cpu=-1.000s, current-cpu=44.640s" date="2025-10-21T14:30:28.914" /><!-- duration: 69ms -->
                    <step title="Cpu: gzip(1839,28.720s)+sh(1838,0.000s)+tar(1837,2.510s)+build.sh(1695,0.060s)+oryx(1676,4.390s)+tee(1677,0.010s)+bash(1675,0.000s)=total(35.690s)" date="2025-10-21T14:32:44.128" /><!-- duration: 46ms -->
                    <step title="bash: no io activity for 61s, prev-cpu=-1.000s, current-cpu=35.690s" date="2025-10-21T14:32:44.193" /><!-- duration: 67ms -->
                  </step><!-- duration: 229604ms -->
                  <step title="Using PythonDeploymentLogParser" date="2025-10-21T14:32:54.022" /><!-- duration: 6ms -->
                  <step title="Modified file to trigger a restart of the app container." date="2025-10-21T14:32:55.768" /><!-- duration: 4ms -->
                  <step title="Skip function trigger and logicapp sync because function is not enabled." date="2025-10-21T14:32:55.798" /><!-- duration: 13ms -->
                </step><!-- duration: 233876ms -->
              </step><!-- duration: 234251ms -->
              <step title="Cleaning up temp files" date="2025-10-21T14:32:57.236" /><!-- duration: 3832ms -->
              <step title="Cleaning up temp files" date="2025-10-21T14:33:01.078" /><!-- duration: 526ms -->
              <step title="Reloading status file with latest updates" date="2025-10-21T14:33:01.719" >
                <step title="WebHooksManager.PublishEventAsync: PostDeployment" date="2025-10-21T14:33:01.801" /><!-- duration: 69ms -->
              </step><!-- duration: 157ms -->
              <step title="Cleaning up temporary deployment - fetch deployment was successful" date="2025-10-21T14:33:01.884" /><!-- duration: 4ms -->
            </step><!-- duration: 239399ms -->
          </step><!-- duration: 242011ms -->
          <step title="Outgoing response" date="2025-10-21T14:33:02.001" type="response" statusCode="200" statusText="OK" /><!-- duration: 6ms -->
        </step><!-- duration: 242071ms -->
