<step title="BackgroundTrace" date="2025-10-26T08:39:51.186" instance="10ec71" url="/api/zipdeploy" method="POST" >
  <step title="Creating temporary deployment - FetchDeploymentManager" date="2025-10-26T08:39:51.299" /><!-- duration: 3ms -->
  <step title="Creating temporary deployment" date="2025-10-26T08:39:51.311" /><!-- duration: 150ms -->
  <step title="Performing fetch based deployment" date="2025-10-26T08:39:51.550" >
    <step title="Cleaning up temp folders from previous zip deployments and extracting pushed zip file /tmp/zipdeploy/3f5c0d89-ddec-49f0-a556-c289df6c8b1e.zip (0.29 MB) to /tmp/zipdeploy/extracted" date="2025-10-26T08:39:52.963" >
      <step title="ChmodRecursive Process exited with total time taken in ms: 151" date="2025-10-26T08:39:53.293" /><!-- duration: 8ms -->
    </step><!-- duration: 418ms -->
    <step title="Deployment timer started" date="2025-10-26T08:39:55.420" >
      <step title="DeploymentManager.Deploy(id:027c7be2-01ee-4e36-a3b0-e3b945bd0c6b)" date="2025-10-26T08:39:55.432" >
        <step title="Collecting changeset information" date="2025-10-26T08:39:55.521" /><!-- duration: 115ms -->
        <step title="Updating submodules" date="2025-10-26T08:39:55.645" /><!-- duration: 1179ms -->
        <step title="Determining deployment builder" date="2025-10-26T08:39:57.097" >
          <step title="Builder is OryxBuilder" date="2025-10-26T08:39:57.147" /><!-- duration: 11ms -->
        </step><!-- duration: 74ms -->
        <step title="PreDeployment: context.CleanOutputPath False" date="2025-10-26T08:39:57.271" >
          <step title="PreDeployment: context.OutputPath /home/site/wwwroot" date="2025-10-26T08:39:57.428" >
            <step title="Building" date="2025-10-26T08:39:57.671" >
              <step title="Executing external process" date="2025-10-26T08:39:58.150" type="process" path="bash" arguments="-c &quot;oryx build /tmp/zipdeploy/extracted -o /home/site/wwwroot --platform python --platform-version 3.10 -p virtualenv_name=antenv --log-file /tmp/build-debug.log  -i /tmp/8de146b3e444e70 --compress-destination-dir | tee /tmp/oryx-build.log ; exit $PIPESTATUS &quot;" >
                <step title="Cpu: python(1472,43.170s)+ts(1473,0.150s)+build.sh(1471,0.000s)+build.sh(1470,0.000s)+build.sh(1387,0.030s)+oryx(1364,4.670s)+tee(1365,0.000s)+bash(1363,0.000s)=total(48.000s)" date="2025-10-26T08:41:34.990" /><!-- duration: 20ms -->
                <step title="bash: no io activity for 60s, prev-cpu=-1.000s, current-cpu=48.000s" date="2025-10-26T08:41:35.058" /><!-- duration: 30ms -->
              </step><!-- duration: 240768ms -->
              <step title="Using PythonDeploymentLogParser" date="2025-10-26T08:43:59.441" /><!-- duration: 11ms -->
              <step title="Triggering recycle (preview mode disabled)." date="2025-10-26T08:44:01.364" /><!-- duration: 32ms -->
              <step title="Modified file to trigger a restart of the app container." date="2025-10-26T08:44:01.458" /><!-- duration: 9ms -->
              <step title="Skip function trigger and logicapp sync because function is not enabled." date="2025-10-26T08:44:01.545" /><!-- duration: 8ms -->
              <step title="Purge deployment items" date="2025-10-26T08:44:04.473" >
                <step title="Remove 760b3915-, Success, received at 10/22/2025 07:43:25" date="2025-10-26T08:44:04.742" /><!-- duration: 10ms -->
              </step><!-- duration: 298ms -->
            </step><!-- duration: 247257ms -->
          </step><!-- duration: 247539ms -->
          <step title="Cleaning up temp files" date="2025-10-26T08:44:04.986" /><!-- duration: 4491ms -->
          <step title="Cleaning up temp files" date="2025-10-26T08:44:09.486" /><!-- duration: 565ms -->
          <step title="Reloading status file with latest updates" date="2025-10-26T08:44:10.498" >
            <step title="WebHooksManager.PublishEventAsync: PostDeployment" date="2025-10-26T08:44:10.583" /><!-- duration: 385ms -->
          </step><!-- duration: 478ms -->
          <step title="Cleaning up temporary deployment - fetch deployment was successful" date="2025-10-26T08:44:10.997" /><!-- duration: 90ms -->
        </step><!-- duration: 254066ms -->
      </step><!-- duration: 255999ms -->
