<step title="BackgroundTrace" date="2025-10-25T11:19:18.629" instance="10ec71" url="/api/zipdeploy" method="POST" >
  <step title="Creating temporary deployment - FetchDeploymentManager" date="2025-10-25T11:19:18.709" /><!-- duration: 3ms -->
  <step title="Creating temporary deployment" date="2025-10-25T11:19:18.718" /><!-- duration: 90ms -->
  <step title="Performing fetch based deployment" date="2025-10-25T11:19:18.878" >
    <step title="Cleaning up temp folders from previous zip deployments and extracting pushed zip file /tmp/zipdeploy/6db1656f-ff37-48fb-933c-f8381c742987.zip (0.29 MB) to /tmp/zipdeploy/extracted" date="2025-10-25T11:19:20.117" >
      <step title="ChmodRecursive Process exited with total time taken in ms: 95" date="2025-10-25T11:19:20.424" /><!-- duration: 47ms -->
    </step><!-- duration: 370ms -->
    <step title="Deployment timer started" date="2025-10-25T11:19:22.539" >
      <step title="DeploymentManager.Deploy(id:0d135adb-a180-4c6b-a859-cbbd420ec9de)" date="2025-10-25T11:19:22.570" >
        <step title="Collecting changeset information" date="2025-10-25T11:19:22.674" /><!-- duration: 162ms -->
        <step title="Updating submodules" date="2025-10-25T11:19:22.857" /><!-- duration: 1149ms -->
        <step title="Determining deployment builder" date="2025-10-25T11:19:24.317" >
          <step title="Builder is OryxBuilder" date="2025-10-25T11:19:24.327" /><!-- duration: 18ms -->
        </step><!-- duration: 33ms -->
        <step title="PreDeployment: context.CleanOutputPath False" date="2025-10-25T11:19:24.435" >
          <step title="PreDeployment: context.OutputPath /home/site/wwwroot" date="2025-10-25T11:19:24.588" >
            <step title="Building" date="2025-10-25T11:19:24.742" >
              <step title="Executing external process" date="2025-10-25T11:19:25.135" type="process" path="bash" arguments="-c &quot;oryx build /tmp/zipdeploy/extracted -o /home/site/wwwroot --platform python --platform-version 3.10 -p virtualenv_name=antenv --log-file /tmp/build-debug.log  -i /tmp/8de13b85a54410d --compress-destination-dir | tee /tmp/oryx-build.log ; exit $PIPESTATUS &quot;" >
                <step title="Cpu: python(3107,42.080s)+ts(3108,0.160s)+build.sh(3106,0.000s)+build.sh(3105,0.000s)+build.sh(3023,0.050s)+oryx(3003,3.640s)+tee(3004,0.000s)+bash(3002,0.000s)=total(45.910s)" date="2025-10-25T11:20:47.904" /><!-- duration: 40ms -->
                <step title="bash: no io activity for 60s, prev-cpu=-1.000s, current-cpu=45.910s" date="2025-10-25T11:20:48.028" /><!-- duration: 38ms -->
                <step title="Cpu: gzip(3170,26.530s)+sh(3169,0.000s)+tar(3168,2.740s)+build.sh(3023,0.060s)+oryx(3003,4.190s)+tee(3004,0.000s)+bash(3002,0.000s)=total(33.520s)" date="2025-10-25T11:22:57.895" /><!-- duration: 11ms -->
                <step title="bash: no io activity for 61s, prev-cpu=-1.000s, current-cpu=33.520s" date="2025-10-25T11:22:57.917" /><!-- duration: 39ms -->
              </step><!-- duration: 224169ms -->
              <step title="Using PythonDeploymentLogParser" date="2025-10-25T11:23:09.792" /><!-- duration: 4ms -->
              <step title="Triggering recycle (preview mode disabled)." date="2025-10-25T11:23:11.812" /><!-- duration: 10ms -->
              <step title="Modified file to trigger a restart of the app container." date="2025-10-25T11:23:11.875" /><!-- duration: 4ms -->
              <step title="Skip function trigger and logicapp sync because function is not enabled." date="2025-10-25T11:23:11.918" /><!-- duration: 11ms -->
              <step title="Purge deployment items" date="2025-10-25T11:23:13.290" >
                <step title="Remove 641d9c8c-, Success, received at 10/22/2025 05:19:49" date="2025-10-25T11:23:13.360" /><!-- duration: 4ms -->
              </step><!-- duration: 79ms -->
            </step><!-- duration: 228703ms -->
          </step><!-- duration: 228863ms -->
          <step title="Cleaning up temp files" date="2025-10-25T11:23:13.454" /><!-- duration: 3195ms -->
          <step title="Cleaning up temp files" date="2025-10-25T11:23:16.659" /><!-- duration: 518ms -->
          <step title="Reloading status file with latest updates" date="2025-10-25T11:23:17.227" >
            <step title="WebHooksManager.PublishEventAsync: PostDeployment" date="2025-10-25T11:23:17.233" /><!-- duration: 88ms -->
          </step><!-- duration: 100ms -->
          <step title="Cleaning up temporary deployment - fetch deployment was successful" date="2025-10-25T11:23:17.343" /><!-- duration: 3ms -->
        </step><!-- duration: 232969ms -->
      </step><!-- duration: 234855ms -->
