<step title="Incoming Request" date="2025-10-21T14:01:15.086" instance="10ec71" url="/api/zipdeploy?isAsync=true" method="POST" type="request" pid="770,1,32" Accept="*/*" Host="my-chatbot-app-73d666.scm.azurewebsites.net" User-Agent="AZURECLI/2.77.0 (MSI)" Accept-Encoding="gzip, deflate" Authorization="Bas..." Cache-Control="no-cache" Content-Type="application/octet-stream" Content-Length="36926" x-ms-client-request-id="61ce4e3e-ae86-11f0-b926-30138bc23e6b" x-ms-artifact-checksum="e0381c4b19b14a7acfc967fa885e1eee449e0d114a4ddeb466919cf21bd07dfd" X-ARR-LOG-ID="61ce4e3e-ae86-11f0-b926-30138bc23e6b" CLIENT-IP="117.250.76.240:28968" X-SITE-DEPLOYMENT-ID="my-chatbot-app-73d666" WAS-DEFAULT-HOSTNAME="my-chatbot-app-73d666.scm.azurewebsites.net" X-Forwarded-Proto="https" X-AppService-Proto="https" X-Forwarded-TlsVersion="1.3" X-WAWS-Unencoded-URL="/api/zipdeploy?isAsync=true" X-Client-IP="117.250.76.240" X-Client-Port="28968" >
  <step title="Cleanup Xml Logs" date="2025-10-21T14:01:15.174" /><!-- duration: 27ms -->
  <step title="ZipPushDeploy" date="2025-10-21T14:01:15.803" >
    <step title="ZipDeploy. Extract zip. Remote build." date="2025-10-21T14:01:15.879" /><!-- duration: 8ms -->
    <step title="Starting PushDeployAsync" date="2025-10-21T14:01:15.916" /><!-- duration: 17ms -->
    <step title="Writing artifact to /tmp/zipdeploy/4b5018b9-5f38-43d0-8dda-61b4987c50eb.zip" date="2025-10-21T14:01:16.112" >
      <step title="Writing multipart request body to /tmp/zipdeploy/4b5018b9-5f38-43d0-8dda-61b4987c50eb.zip" date="2025-10-21T14:01:16.172" /><!-- duration: 18ms -->
    </step><!-- duration: 424ms -->
    <step title="Start deployment in the background" date="2025-10-21T14:01:16.676" >
      <step title="Acquiring Deployment Lock" date="2025-10-21T14:01:16.776" /><!-- duration: 13ms -->
      <step title="Acquired Deployment Lock" date="2025-10-21T14:01:16.886" /><!-- duration: 14ms -->
    </step><!-- duration: 511ms -->
  </step><!-- duration: 1430ms -->
  <step title="Outgoing response" date="2025-10-21T14:01:17.296" type="response" statusCode="202" statusText="Accepted" /><!-- duration: 12ms -->
</step><!-- duration: 2233ms -->
