<step title="Incoming Request" date="2025-10-27T08:46:06.431" instance="10ec71" url="/api/deployments/latest?deployer=GITHUB_ZIP_DEPLOY&amp;time=2025-10-27_08-45-48Z" method="GET" type="request" pid="768,1,42" Host="my-chatbot-app-73d666.scm.azurewebsites.net" User-Agent="GITHUBACTIONS_DeployWebAppToAzure_85e925cbb3527f6e73709cfc8dc979b310564ece25674b3756f31c5ffd3a2f78" Authorization="Bea..." Content-Type="application/json; charset=utf-8" Cookie="ARRAffinity=10ec71252d15acc549bd1b49685e9bce1d1247141bf9ff915402b1130345f15b;Path=/;HttpOnly;Secure;Domain=my-chatbot-app-73d666.scm.azurewebsites.net; ARRAffinitySameSite=10ec71252d15acc549bd1b49685e9bce1d1247141bf9ff915402b1130345f15b;Path=/;HttpOnly;SameSite=None;Secure;Domain=my-chatbot-app-73d666.scm.azurewebsites.net" Content-Length="0" X-ARR-LOG-ID="0cecf0cd-98b5-45a5-b8da-7bb693ddf6b8" CLIENT-IP="172.182.212.57:12361" X-SITE-DEPLOYMENT-ID="my-chatbot-app-73d666" WAS-DEFAULT-HOSTNAME="my-chatbot-app-73d666.scm.azurewebsites.net" X-Forwarded-Proto="https" X-AppService-Proto="https" X-Forwarded-TlsVersion="1.3" X-WAWS-Unencoded-URL="/api/deployments/latest?deployer=GITHUB_ZIP_DEPLOY&amp;time=2025-10-27_08-45-48Z" X-Client-IP="172.182.212.57" X-Client-Port="12361" >
  <step title="Cleanup Xml Logs" date="2025-10-27T08:46:06.440" >
    <step title="Cleanup Infos" date="2025-10-27T08:46:06.550" totalFiles="412" totalCleanup="252" /><!-- duration: 22ms -->
  </step><!-- duration: 161ms -->
  <step title="DeploymentService.GetResult" date="2025-10-27T08:46:06.676" >
    <step title="DeploymentService.GetLatestDeployment" date="2025-10-27T08:46:06.703" >
      <step title="DeploymentManager.GetResults" date="2025-10-27T08:46:06.763" /><!-- duration: 1321ms -->
    </step><!-- duration: 1401ms -->
  </step><!-- duration: 1446ms -->
  <step title="Outgoing response" date="2025-10-27T08:46:08.135" type="response" statusCode="202" statusText="Accepted" /><!-- duration: 15ms -->
</step><!-- duration: 1729ms -->
