<step title="Incoming Request" date="2025-10-22T07:43:21.128" instance="10ec71" url="/api/publish?type=zip" method="POST" type="request" pid="770,1,15" Accept="*/*" Host="my-chatbot-app-73d666.scm.azurewebsites.net" User-Agent="AZURECLI/2.77.0 (MSI)" Accept-Encoding="gzip, deflate" Authorization="Bas..." Cache-Control="no-cache" Content-Type="application/octet-stream" Cookie="ARRAffinity=10ec71252d15acc549bd1b49685e9bce1d1247141bf9ff915402b1130345f15b; ARRAffinitySameSite=10ec71252d15acc549bd1b49685e9bce1d1247141bf9ff915402b1130345f15b" Content-Length="38965" x-ms-client-request-id="ba2fb885-af1a-11f0-8dba-30138bc23e6b" x-ms-artifact-checksum="749131bb98d009cb17264cfd8ffe90cb55483ef59168e5c9de02f9d5a6ab6997" X-ARR-LOG-ID="ba2fb885-af1a-11f0-8dba-30138bc23e6b" CLIENT-IP="117.250.76.240:55323" X-SITE-DEPLOYMENT-ID="my-chatbot-app-73d666" WAS-DEFAULT-HOSTNAME="my-chatbot-app-73d666.scm.azurewebsites.net" X-Forwarded-Proto="https" X-AppService-Proto="https" X-Forwarded-TlsVersion="1.3" X-WAWS-Unencoded-URL="/api/publish?type=zip" X-Client-IP="117.250.76.240" X-Client-Port="55323" >
  <step title="Cleanup Xml Logs" date="2025-10-22T07:43:21.137" /><!-- duration: 16ms -->
  <step title="OneDeploy" date="2025-10-22T07:43:21.310" >
    <step title="None repository commit" date="2025-10-22T07:43:21.331" >
      <step title="Commit id: 760b3915-2525-4fa2-abfb-7d455191d90a" date="2025-10-22T07:43:21.335" Message="N/A" AuthorName="N/A" AuthorEmail="N/A" /><!-- duration: 4ms -->
    </step><!-- duration: 10ms -->
    <step title="Starting PushDeployAsync" date="2025-10-22T07:43:21.346" /><!-- duration: 5ms -->
    <step title="Writing artifact to /tmp/zipdeploy/9cf7d268-57db-4d88-afa3-ef1e7ab31585.zip" date="2025-10-22T07:43:21.379" >
      <step title="Writing multipart request body to /tmp/zipdeploy/9cf7d268-57db-4d88-afa3-ef1e7ab31585.zip" date="2025-10-22T07:43:21.390" /><!-- duration: 8ms -->
    </step><!-- duration: 181ms -->
    <step title="Removing previous build artifact&apos;s manifest file" date="2025-10-22T07:43:21.566" >
      <step title="Attempting to fetch target branch HEAD" date="2025-10-22T07:43:21.603" /><!-- duration: 4ms -->
      <step title="Acquiring Deployment Lock" date="2025-10-22T07:43:21.612" /><!-- duration: 12ms -->
      <step title="Acquired Deployment Lock" date="2025-10-22T07:43:21.660" /><!-- duration: 5ms -->
      <step title="Performing fetch based deployment" date="2025-10-22T07:43:21.674" >
        <step title="Creating temporary deployment" date="2025-10-22T07:43:21.678" /><!-- duration: 108ms -->
        <step title="Releasing Deployment Lock" date="2025-10-22T07:43:23.011" /><!-- duration: 6ms -->
        <step title="Cleaning up temp folders from previous zip deployments and extracting pushed zip file /tmp/zipdeploy/9cf7d268-57db-4d88-afa3-ef1e7ab31585.zip (0.04 MB) to /tmp/zipdeploy/extracted" date="2025-10-22T07:43:23.070" >
          <step title="ChmodRecursive Process exited with total time taken in ms: 69" date="2025-10-22T07:43:23.221" /><!-- duration: 10ms -->
        </step><!-- duration: 186ms -->
        <step title="None repository commit" date="2025-10-22T07:43:23.278" >
          <step title="Commit id: 760b3915-2525-4fa2-abfb-7d455191d90a" date="2025-10-22T07:43:23.295" Message="OneDeploy" AuthorName="N/A" AuthorEmail="N/A" /><!-- duration: 10ms -->
        </step><!-- duration: 38ms -->
        <step title="Deployment timer started" date="2025-10-22T07:43:25.329" >
          <step title="DeploymentManager.Deploy(id:760b3915-2525-4fa2-abfb-7d455191d90a)" date="2025-10-22T07:43:25.342" >
            <step title="Collecting changeset information" date="2025-10-22T07:43:25.374" /><!-- duration: 81ms -->
            <step title="Updating submodules" date="2025-10-22T07:43:25.461" /><!-- duration: 1146ms -->
            <step title="Determining deployment builder" date="2025-10-22T07:43:26.838" >
              <step title="Builder is OryxBuilder" date="2025-10-22T07:43:26.858" /><!-- duration: 12ms -->
            </step><!-- duration: 36ms -->
            <step title="PreDeployment: context.CleanOutputPath False" date="2025-10-22T07:43:26.943" >
              <step title="PreDeployment: context.OutputPath /home/site/wwwroot" date="2025-10-22T07:43:27.100" >
                <step title="Building" date="2025-10-22T07:43:27.254" >
                  <step title="Executing external process" date="2025-10-22T07:43:27.657" type="process" path="bash" arguments="-c &quot;oryx build /tmp/zipdeploy/extracted -o /home/site/wwwroot --platform python --platform-version 3.10 -p virtualenv_name=antenv --log-file /tmp/build-debug.log  -i /tmp/8de113eafd52e6d --compress-destination-dir | tee /tmp/oryx-build.log ; exit $PIPESTATUS &quot;" >
                    <step title="Cpu: python(975,41.800s)+ts(976,0.170s)+build.sh(974,0.000s)+build.sh(973,0.000s)+build.sh(877,0.080s)+oryx(858,5.310s)+tee(859,0.010s)+bash(857,0.010s)=total(47.360s)" date="2025-10-22T07:45:18.370" /><!-- duration: 19ms -->
                    <step title="bash: no io activity for 60s, prev-cpu=-1.000s, current-cpu=47.360s" date="2025-10-22T07:45:18.435" /><!-- duration: 28ms -->
                    <step title="Cpu: python(975,82.380s)+ts(976,0.170s)+build.sh(974,0.000s)+build.sh(973,0.000s)+build.sh(877,0.080s)+oryx(858,5.380s)+tee(859,0.010s)+bash(857,0.010s)=total(88.030s)" date="2025-10-22T07:46:18.758" /><!-- duration: 39ms -->
                    <step title="bash: no io activity for 121s, prev-cpu=47.360s, current-cpu=88.030s" date="2025-10-22T07:46:18.810" /><!-- duration: 28ms -->
                    <step title="Cpu: gzip(1094,23.690s)+sh(1093,0.000s)+tar(1092,2.670s)+build.sh(877,0.090s)+oryx(858,6.030s)+tee(859,0.010s)+bash(857,0.010s)=total(32.500s)" date="2025-10-22T07:47:44.626" /><!-- duration: 45ms -->
                    <step title="bash: no io activity for 60s, prev-cpu=-1.000s, current-cpu=32.500s" date="2025-10-22T07:47:44.721" /><!-- duration: 47ms -->
                  </step><!-- duration: 279970ms -->
                  <step title="Using PythonDeploymentLogParser" date="2025-10-22T07:48:09.119" /><!-- duration: 8ms -->
                  <step title="Modified file to trigger a restart of the app container." date="2025-10-22T07:48:12.156" /><!-- duration: 10ms -->
                  <step title="Skip function trigger and logicapp sync because function is not enabled." date="2025-10-22T07:48:12.203" /><!-- duration: 9ms -->
                  <step title="Purge deployment items" date="2025-10-22T07:48:15.202" >
                    <step title="Remove efe7518d-, Success, received at 10/21/2025 13:57:05" date="2025-10-22T07:48:15.514" /><!-- duration: 21ms -->
                  </step><!-- duration: 353ms -->
                </step><!-- duration: 288520ms -->
              </step><!-- duration: 288730ms -->
              <step title="Cleaning up temp files" date="2025-10-22T07:48:15.875" /><!-- duration: 20007ms -->
              <step title="Cleaning up temp files" date="2025-10-22T07:48:35.913" /><!-- duration: 622ms -->
              <step title="Reloading status file with latest updates" date="2025-10-22T07:48:36.718" >
                <step title="WebHooksManager.PublishEventAsync: PostDeployment" date="2025-10-22T07:48:36.736" /><!-- duration: 364ms -->
              </step><!-- duration: 420ms -->
              <step title="Cleaning up temporary deployment - fetch deployment was successful" date="2025-10-22T07:48:37.185" /><!-- duration: 18ms -->
            </step><!-- duration: 310421ms -->
          </step><!-- duration: 312173ms -->
          <step title="Outgoing response" date="2025-10-22T07:48:37.694" type="response" statusCode="200" statusText="OK" /><!-- duration: 10ms -->
        </step><!-- duration: 312385ms -->
