<step title="BackgroundTrace" date="2025-10-26T17:31:54.463" instance="10ec71" url="/api/zipdeploy" method="POST" >
  <step title="Creating temporary deployment - FetchDeploymentManager" date="2025-10-26T17:31:54.676" /><!-- duration: 11ms -->
  <step title="Creating temporary deployment" date="2025-10-26T17:31:54.713" /><!-- duration: 125ms -->
  <step title="Performing fetch based deployment" date="2025-10-26T17:31:55.089" >
    <step title="Cleaning up temp folders from previous zip deployments and extracting pushed zip file /tmp/zipdeploy/da658a10-fb07-4dea-b9e2-3013250ddebe.zip (0.21 MB) to /tmp/zipdeploy/extracted" date="2025-10-26T17:31:56.579" >
      <step title="ChmodRecursive Process exited with total time taken in ms: 92" date="2025-10-26T17:31:56.980" /><!-- duration: 19ms -->
    </step><!-- duration: 440ms -->
    <step title="Deployment timer started" date="2025-10-26T17:31:59.091" >
      <step title="DeploymentManager.Deploy(id:28d9c248-6412-4a42-8070-8993a66b6044)" date="2025-10-26T17:31:59.123" >
        <step title="Collecting changeset information" date="2025-10-26T17:31:59.225" /><!-- duration: 394ms -->
        <step title="Updating submodules" date="2025-10-26T17:31:59.659" /><!-- duration: 1391ms -->
        <step title="Determining deployment builder" date="2025-10-26T17:32:01.728" >
          <step title="Builder is OryxBuilder" date="2025-10-26T17:32:01.965" /><!-- duration: 30ms -->
        </step><!-- duration: 349ms -->
        <step title="PreDeployment: context.CleanOutputPath False" date="2025-10-26T17:32:02.473" >
          <step title="PreDeployment: context.OutputPath /home/site/wwwroot" date="2025-10-26T17:32:02.911" >
            <step title="Building" date="2025-10-26T17:32:03.576" >
              <step title="Executing external process" date="2025-10-26T17:32:04.920" type="process" path="bash" arguments="-c &quot;oryx build /tmp/zipdeploy/extracted -o /home/site/wwwroot --platform python --platform-version 3.10 -p virtualenv_name=antenv --log-file /tmp/build-debug.log  -i /tmp/8de14b5930d72bb --compress-destination-dir | tee /tmp/oryx-build.log ; exit $PIPESTATUS &quot;" 