<step title="Incoming Request" date="2025-10-25T09:17:11.226" instance="10ec71" url="/api/zipdeploy?isAsync=true" method="POST" type="request" pid="768,1,15" Accept="*/*" Host="my-chatbot-app-73d666.scm.azurewebsites.net" User-Agent="AZURECLI/2.77.0 (MSI)" Accept-Encoding="gzip, deflate" Authorization="Bas..." Cache-Control="no-cache" Content-Type="application/octet-stream" Content-Length="295089" x-ms-client-request-id="5e49ebc2-b183-11f0-b50b-1cce519a4abb" x-ms-artifact-checksum="033a15850ff230302dc74b1eb0f8b35f4b54d7b88ceaadd61142db5510ecc8ae" X-ARR-LOG-ID="5e49ebc2-b183-11f0-b50b-1cce519a4abb" CLIENT-IP="117.250.76.240:56276" X-SITE-DEPLOYMENT-ID="my-chatbot-app-73d666" WAS-DEFAULT-HOSTNAME="my-chatbot-app-73d666.scm.azurewebsites.net" X-Forwarded-Proto="https" X-AppService-Proto="https" X-Forwarded-TlsVersion="1.3" X-WAWS-Unencoded-URL="/api/zipdeploy?isAsync=true" X-Client-IP="117.250.76.240" X-Client-Port="56276" >
  <step title="Cleanup Xml Logs" date="2025-10-25T09:17:11.234" >
    <step title="Cleanup Infos" date="2025-10-25T09:17:11.246" totalFiles="202" totalCleanup="42" /><!-- duration: 14ms -->
  </step><!-- duration: 58ms -->
  <step title="ZipPushDeploy" date="2025-10-25T09:17:13.634" >
    <step title="ZipDeploy. Extract zip. Remote build." date="2025-10-25T09:17:13.699" /><!-- duration: 10ms -->
    <step title="None repository commit" date="2025-10-25T09:17:13.728" >
      <step title="Commit id: fc76c16c-df48-4d62-8ffe-3f2c3ff31a3d" date="2025-10-25T09:17:13.737" Message="N/A" AuthorName="N/A" AuthorEmail="N/A" /><!-- duration: 9ms -->
    </step><!-- duration: 36ms -->
    <step title="Starting PushDeployAsync" date="2025-10-25T09:17:13.787" /><!-- duration: 19ms -->
    <step title="Writing artifact to /tmp/zipdeploy/d832d165-403b-4524-8a53-1883d67379b8.zip" date="2025-10-25T09:17:13.854" >
      <step title="Writing multipart request body to /tmp/zipdeploy/d832d165-403b-4524-8a53-1883d67379b8.zip" date="2025-10-25T09:17:13.881" /><!-- duration: 38ms -->
    </step><!-- duration: 405ms -->
    <step title="Removing previous build artifact&apos;s manifest file" date="2025-10-25T09:17:14.297" >
      <step title="Start deployment in the background" date="2025-10-25T09:17:14.364" >
        <step title="Acquiring Deployment Lock" date="2025-10-25T09:17:14.557" /><!-- duration: 8ms -->
        <step title="Acquired Deployment Lock" date="2025-10-25T09:17:14.653" /><!-- duration: 20ms -->
      </step><!-- duration: 533ms -->
    </step><!-- duration: 627ms -->
    <step title="Outgoing response" date="2025-10-25T09:17:14.981" type="response" statusCode="202" statusText="Accepted" /><!-- duration: 25ms -->
  </step><!-- duration: 1391ms -->
