<step title="Incoming Request" date="2025-10-21T14:12:54.410" instance="10ec71" url="/api/publish?type=zip" method="POST" type="request" pid="772,1,30" Accept="*/*" Host="my-chatbot-app-73d666.scm.azurewebsites.net" User-Agent="AZURECLI/2.77.0 (MSI)" Accept-Encoding="gzip, deflate" Authorization="Bas..." Cache-Control="no-cache" Content-Type="application/octet-stream" Cookie="ARRAffinity=10ec71252d15acc549bd1b49685e9bce1d1247141bf9ff915402b1130345f15b; ARRAffinitySameSite=10ec71252d15acc549bd1b49685e9bce1d1247141bf9ff915402b1130345f15b" Content-Length="67449" x-ms-client-request-id="fa89e6e5-ae87-11f0-b679-30138bc23e6b" x-ms-artifact-checksum="aeab8925c7b2c83a6d7a069e8f4a5369c84dd8dccb93d02a785183b35ee43a9e" X-ARR-LOG-ID="fa89e6e5-ae87-11f0-b679-30138bc23e6b" CLIENT-IP="117.250.76.240:27621" X-SITE-DEPLOYMENT-ID="my-chatbot-app-73d666" WAS-DEFAULT-HOSTNAME="my-chatbot-app-73d666.scm.azurewebsites.net" X-Forwarded-Proto="https" X-AppService-Proto="https" X-Forwarded-TlsVersion="1.3" X-WAWS-Unencoded-URL="/api/publish?type=zip" X-Client-IP="117.250.76.240" X-Client-Port="27621" >
  <step title="Cleanup Xml Logs" date="2025-10-21T14:12:54.427" /><!-- duration: 30ms -->
  <step title="OneDeploy" date="2025-10-21T14:12:54.539" >
    <step title="Starting PushDeployAsync" date="2025-10-21T14:12:54.587" /><!-- duration: 12ms -->
    <step title="Writing artifact to /tmp/zipdeploy/0ee01d79-7829-4a18-ae39-8be55dfbce1a.zip" date="2025-10-21T14:12:54.644" >
      <step title="Writing multipart request body to /tmp/zipdeploy/0ee01d79-7829-4a18-ae39-8be55dfbce1a.zip" date="2025-10-21T14:12:54.656" /><!-- duration: 34ms -->
    </step><!-- duration: 447ms -->
    <step title="Removing previous build artifact&apos;s manifest file" date="2025-10-21T14:12:55.111" >
      <step title="Attempting to fetch target branch HEAD" date="2025-10-21T14:12:55.178" /><!-- duration: 19ms -->
      <step title="Acquiring Deployment Lock" date="2025-10-21T14:12:55.225" /><!-- duration: 20ms -->
      <step title="Cannot Acquire Deployment Lock already held" date="2025-10-21T14:12:55.311" /><!-- duration: 11ms -->
      <step title="There is a deployment currently in progress. Please try again when it completes." date="2025-10-21T14:12:55.351" /><!-- duration: 17ms -->
    </step><!-- duration: 277ms -->
    <step title="Outgoing response" date="2025-10-21T14:12:55.433" type="response" statusCode="409" statusText="Conflict" /><!-- duration: 29ms -->
  </step><!-- duration: 953ms -->
