<step title="BackgroundTrace" date="2025-10-26T17:43:13.004" instance="10ec71" url="/api/zipdeploy" method="POST" >
  <step title="Creating temporary deployment - FetchDeploymentManager" date="2025-10-26T17:43:13.193" /><!-- duration: 3ms -->
  <step title="Creating temporary deployment" date="2025-10-26T17:43:13.245" /><!-- duration: 123ms -->
  <step title="Performing fetch based deployment" date="2025-10-26T17:43:13.456" >
    <step title="Cleaning up temp folders from previous zip deployments and extracting pushed zip file /tmp/zipdeploy/9e4504dd-ed8d-44f2-ac65-657ea6035771.zip (0.00 MB) to /tmp/zipdeploy/extracted" date="2025-10-26T17:43:14.681" >
      <step title="ChmodRecursive Process exited with total time taken in ms: 87" date="2025-10-26T17:43:14.836" /><!-- duration: 17ms -->
    </step><!-- duration: 183ms -->
    <step title="Deployment timer started" date="2025-10-26T17:43:16.894" >
      <step title="DeploymentManager.Deploy(id:ed267ef9-a63d-44bd-8d09-a22461502d0f)" date="2025-10-26T17:43:16.908" >
        <step title="Collecting changeset information" date="2025-10-26T17:43:16.984" /><!-- duration: 148ms -->
        <step title="Updating submodules" date="2025-10-26T17:43:17.141" /><!-- duration: 1146ms -->
        <step title="Determining deployment builder" date="2025-10-26T17:43:18.551" >
          <step title="Builder is OryxBuilder" date="2025-10-26T17:43:18.583" /><!-- duration: 4ms -->
        </step><!-- duration: 41ms -->
        <step title="PreDeployment: context.CleanOutputPath False" date="2025-10-26T17:43:18.696" >
          <step title="PreDeployment: context.OutputPath /home/site/wwwroot" date="2025-10-26T17:43:18.880" >
            <step title="Building" date="2025-10-26T17:43:19.081" >
              <step title="Executing external process" date="2025-10-26T17:43:19.547" type="process" path="bash" arguments="-c &quot;oryx build /tmp/zipdeploy/extracted -o /home/site/wwwroot --platform python --platform-version 3.10 -p virtualenv_name=antenv --log-file /tmp/build-debug.log  -i /tmp/8de14b726391067 --compress-destination-dir | tee /tmp/oryx-build.log ; exit $PIPESTATUS &quot;" 