<step title="BackgroundTrace" date="2025-10-21T14:09:47.842" instance="10ec71" url="/api/zipdeploy" method="POST" >
  <step title="Creating temporary deployment - FetchDeploymentManager" date="2025-10-21T14:09:48.282" /><!-- duration: 28ms -->
  <step title="Creating temporary deployment" date="2025-10-21T14:09:48.377" /><!-- duration: 668ms -->
  <step title="Performing fetch based deployment" date="2025-10-21T14:09:49.835" >
    <step title="Cleaning up temp folders from previous zip deployments and extracting pushed zip file /tmp/zipdeploy/a7b81353-23d7-4577-809b-3c0ede3a2463.zip (0.04 MB) to /tmp/zipdeploy/extracted" date="2025-10-21T14:09:51.578" >
      <step title="ChmodRecursive Process exited with total time taken in ms: 651" date="2025-10-21T14:09:52.780" /><!-- duration: 9ms -->
    </step><!-- duration: 1231ms -->
    <step title="Deployment timer started" date="2025-10-21T14:09:54.861" >
      <step title="DeploymentManager.Deploy(id:fbeb2dfd-1309-4811-b13c-8959e9e5c50b)" date="2025-10-21T14:09:54.889" >
        <step title="Collecting changeset information" date="2025-10-21T14:09:55.017" /><!-- duration: 336ms -->
        <step title="Updating submodules" date="2025-10-21T14:09:55.390" /><!-- duration: 1411ms -->
        <step title="Determining deployment builder" date="2025-10-21T14:09:57.912" >
          <step title="Builder is OryxBuilder" date="2025-10-21T14:09:57.980" /><!-- duration: 29ms -->
        </step><!-- duration: 132ms -->
        <step title="PreDeployment: context.CleanOutputPath False" date="2025-10-21T14:09:58.238" >
          <step title="PreDeployment: context.OutputPath /home/site/wwwroot" date="2025-10-21T14:09:58.505" >
            <step title="Building" date="2025-10-21T14:09:58.747" >
              <step title="Executing external process" date="2025-10-21T14:09:59.323" type="process" path="bash" arguments="-c &quot;oryx build /tmp/zipdeploy/extracted -o /home/site/wwwroot --platform python --platform-version 3.10 -p virtualenv_name=antenv --log-file /tmp/build-debug.log  -i /tmp/8de10ab84715f18 --compress-destination-dir | tee /tmp/oryx-build.log ; exit $PIPESTATUS &quot;" >
                <step title="Cpu: python(1204,20.600s)+ts(1205,0.170s)+build.sh(1203,0.000s)+build.sh(1202,0.000s)+build.sh(1098,0.050s)+oryx(1072,6.250s)+tee(1073,0.000s)+bash(1071,0.000s)=total(27.060s)" date="2025-10-21T14:12:10.390" /><!-- duration: 73ms -->
                <step title="bash: no io activity for 60s, prev-cpu=-1.000s, current-cpu=27.060s" date="2025-10-21T14:12:10.578" /><!-- duration: 26ms -->
                <step title="Cpu: python(1204,44.030s)+ts(1205,0.170s)+build.sh(1203,0.000s)+build.sh(1202,0.000s)+build.sh(1098,0.050s)+oryx(1072,6.690s)+tee(1073,0.000s)+bash(1071,0.000s)=total(50.930s)" date="2025-10-21T14:13:11.721" /><!-- duration: 12ms -->
                <step title="bash: no io activity for 122s, prev-cpu=27.060s, current-cpu=50.930s" date="2025-10-21T14:13:11.743" /><!-- duration: 44ms -->
              </step><!-- duration: 322597ms -->
              <step title="Using PythonDeploymentLogParser" date="2025-10-21T14:15:22.378" /><!-- duration: 8ms -->
              <step title="Triggering recycle (preview mode disabled)." date="2025-10-21T14:15:24.023" /><!-- duration: 20ms -->
              <step title="Modified file to trigger a restart of the app container." date="2025-10-21T14:15:24.098" /><!-- duration: 10ms -->
              <step title="Skip function trigger and logicapp sync because function is not enabled." date="2025-10-21T14:15:24.114" /><!-- duration: 11ms -->
            </step><!-- duration: 326616ms -->
          </step><!-- duration: 326899ms -->
          <step title="Cleaning up temp files" date="2025-10-21T14:15:25.412" /><!-- duration: 3630ms -->
          <step title="Cleaning up temp files" date="2025-10-21T14:15:29.049" /><!-- duration: 508ms -->
          <step title="Reloading status file with latest updates" date="2025-10-21T14:15:29.603" >
            <step title="WebHooksManager.PublishEventAsync: PostDeployment" date="2025-10-21T14:15:29.610" /><!-- duration: 66ms -->
          </step><!-- duration: 94ms -->
          <step title="Cleaning up temporary deployment - fetch deployment was successful" date="2025-10-21T14:15:29.707" /><!-- duration: 7ms -->
        </step><!-- duration: 331539ms -->
      </step><!-- duration: 334928ms -->
