<step title="Incoming Request" date="2025-10-21T14:13:44.418" instance="10ec71" url="/api/publish?type=zip" method="POST" type="request" pid="772,1,28" Accept="*/*" Host="my-chatbot-app-73d666.scm.azurewebsites.net" User-Agent="AZURECLI/2.77.0 (MSI)" Accept-Encoding="gzip, deflate" Authorization="Bas..." Cache-Control="no-cache" Content-Type="application/octet-stream" Cookie="ARRAffinity=10ec71252d15acc549bd1b49685e9bce1d1247141bf9ff915402b1130345f15b; ARRAffinitySameSite=10ec71252d15acc549bd1b49685e9bce1d1247141bf9ff915402b1130345f15b" Content-Length="67449" x-ms-client-request-id="1a295e57-ae88-11f0-a375-30138bc23e6b" x-ms-artifact-checksum="aeab8925c7b2c83a6d7a069e8f4a5369c84dd8dccb93d02a785183b35ee43a9e" X-ARR-LOG-ID="1a295e57-ae88-11f0-a375-30138bc23e6b" CLIENT-IP="117.250.76.240:52510" X-SITE-DEPLOYMENT-ID="my-chatbot-app-73d666" WAS-DEFAULT-HOSTNAME="my-chatbot-app-73d666.scm.azurewebsites.net" X-Forwarded-Proto="https" X-AppService-Proto="https" X-Forwarded-TlsVersion="1.3" X-WAWS-Unencoded-URL="/api/publish?type=zip" X-Client-IP="117.250.76.240" X-Client-Port="52510" >
  <step title="Cleanup Xml Logs" date="2025-10-21T14:13:44.427" /><!-- duration: 38ms -->
  <step title="OneDeploy" date="2025-10-21T14:13:44.520" >
    <step title="Starting PushDeployAsync" date="2025-10-21T14:13:44.547" /><!-- duration: 19ms -->
    <step title="Writing artifact to /tmp/zipdeploy/dcf85e77-bfe7-43e0-ba70-39a0468150cd.zip" date="2025-10-21T14:13:44.602" >
      <step title="Writing multipart request body to /tmp/zipdeploy/dcf85e77-bfe7-43e0-ba70-39a0468150cd.zip" date="2025-10-21T14:13:44.622" /><!-- duration: 12ms -->
    </step><!-- duration: 562ms -->
    <step title="Attempting to fetch target branch HEAD" date="2025-10-21T14:13:45.202" /><!-- duration: 10ms -->
    <step title="Acquiring Deployment Lock" date="2025-10-21T14:13:45.222" /><!-- duration: 102ms -->
    <step title="Cannot Acquire Deployment Lock already held" date="2025-10-21T14:13:45.352" /><!-- duration: 11ms -->
    <step title="There is a deployment currently in progress. Please try again when it completes." date="2025-10-21T14:13:45.374" /><!-- duration: 9ms -->
  </step><!-- duration: 882ms -->
  <step title="Outgoing response" date="2025-10-21T14:13:45.445" type="response" statusCode="409" statusText="Conflict" /><!-- duration: 22ms -->
</step><!-- duration: 1075ms -->
