<step title="Incoming Request" date="2025-10-21T12:28:58.780" instance="10ec71" url="/api/publish?type=zip" method="POST" type="request" pid="770,1,3" Accept="*/*" Host="my-chatbot-app-73d666.scm.azurewebsites.net" User-Agent="AZURECLI/2.77.0 (MSI)" Accept-Encoding="gzip, deflate" Authorization="Bas..." Cache-Control="no-cache" Content-Type="application/octet-stream" Cookie="ARRAffinity=10ec71252d15acc549bd1b49685e9bce1d1247141bf9ff915402b1130345f15b; ARRAffinitySameSite=10ec71252d15acc549bd1b49685e9bce1d1247141bf9ff915402b1130345f15b" Content-Length="233304" x-ms-client-request-id="78d6e11d-ae79-11f0-9cfe-30138bc23e6b" x-ms-artifact-checksum="2cc5a799d007019eaeaf134d03f7feb5b80caaeb66305deca7868f8b01dd5ce9" X-ARR-LOG-ID="78d6e11d-ae79-11f0-9cfe-30138bc23e6b" CLIENT-IP="117.250.76.240:61886" X-SITE-DEPLOYMENT-ID="my-chatbot-app-73d666" WAS-DEFAULT-HOSTNAME="my-chatbot-app-73d666.scm.azurewebsites.net" X-Forwarded-Proto="https" X-AppService-Proto="https" X-Forwarded-TlsVersion="1.3" X-WAWS-Unencoded-URL="/api/publish?type=zip" X-Client-IP="117.250.76.240" X-Client-Port="61886" >
  <step title="Cleanup Xml Logs" date="2025-10-21T12:28:58.802" /><!-- duration: 45ms -->
  <step title="OneDeploy" date="2025-10-21T12:28:59.156" >
    <step title="None repository commit" date="2025-10-21T12:28:59.290" >
      <step title="Commit id: 7fce3f47-dd61-4c7a-89e2-fb7b2d85cfb3" date="2025-10-21T12:28:59.305" Message="N/A" AuthorName="N/A" AuthorEmail="N/A" /><!-- duration: 13ms -->
    </step><!-- duration: 45ms -->
    <step title="Starting PushDeployAsync" date="2025-10-21T12:28:59.348" /><!-- duration: 17ms -->
    <step title="Writing artifact to /tmp/zipdeploy/780f5217-b97a-41b5-9875-b7c632741dc1.zip" date="2025-10-21T12:28:59.431" >
      <step title="Writing multipart request body to /tmp/zipdeploy/780f5217-b97a-41b5-9875-b7c632741dc1.zip" date="2025-10-21T12:28:59.452" /><!-- duration: 18ms -->
    </step><!-- duration: 575ms -->
    <step title="Attempting to fetch target branch HEAD" date="2025-10-21T12:29:00.083" /><!-- duration: 28ms -->
    <step title="Acquiring Deployment Lock" date="2025-10-21T12:29:00.170" /><!-- duration: 29ms -->
    <step title="Acquired Deployment Lock" date="2025-10-21T12:29:00.513" /><!-- duration: 19ms -->
    <step title="Performing fetch based deployment" date="2025-10-21T12:29:00.579" >
      <step title="Creating temporary deployment" date="2025-10-21T12:29:00.597" /><!-- duration: 312ms -->
      <step title="Releasing Deployment Lock" date="2025-10-21T12:29:02.792" /><!-- duration: 30ms -->
      <step title="Cleaning up temp folders from previous zip deployments and extracting pushed zip file /tmp/zipdeploy/780f5217-b97a-41b5-9875-b7c632741dc1.zip (0.22 MB) to /tmp/zipdeploy/extracted" date="2025-10-21T12:29:02.981" >
        <step title="ChmodRecursive Process exited with total time taken in ms: 233" date="2025-10-21T12:29:03.865" /><!-- duration: 19ms -->
      </step><!-- duration: 920ms -->
      <step title="None repository commit" date="2025-10-21T12:29:03.917" >
        <step title="Commit id: 7fce3f47-dd61-4c7a-89e2-fb7b2d85cfb3" date="2025-10-21T12:29:03.940" Message="OneDeploy" AuthorName="N/A" AuthorEmail="N/A" /><!-- duration: 12ms -->
      </step><!-- duration: 45ms -->
      <step title="Deployment timer started" date="2025-10-21T12:29:05.990" >
        <step title="DeploymentManager.Deploy(id:7fce3f47-dd61-4c7a-89e2-fb7b2d85cfb3)" date="2025-10-21T12:29:05.999" >
          <step title="Collecting changeset information" date="2025-10-21T12:29:06.027" /><!-- duration: 146ms -->
          <step title="Updating submodules" date="2025-10-21T12:29:06.181" /><!-- duration: 1155ms -->
          <step title="Determining deployment builder" date="2025-10-21T12:29:07.621" >
            <step title="Builder is OryxBuilder" date="2025-10-21T12:29:07.647" /><!-- duration: 11ms -->
          </step><!-- duration: 44ms -->
          <step title="PreDeployment: context.CleanOutputPath False" date="2025-10-21T12:29:07.736" >
            <step title="PreDeployment: context.OutputPath /home/site/wwwroot" date="2025-10-21T12:29:07.898" >
              <step title="Building" date="2025-10-21T12:29:08.116" >
                <step title="Executing external process" date="2025-10-21T12:29:08.541" type="process" path="bash" arguments="-c &quot;oryx build /tmp/zipdeploy/extracted -o /home/site/wwwroot --platform python --platform-version 3.11 -p virtualenv_name=antenv --log-file /tmp/build-debug.log  -i /tmp/8de109d6e20e2cd --compress-destination-dir | tee /tmp/oryx-build.log ; exit $PIPESTATUS &quot;" 