<step title="Incoming Request" date="2025-10-27T06:22:48.088" instance="10ec71" url="/api/zipdeploy?isAsync=true" method="POST" type="request" pid="769,1,17" Accept="*/*" Host="my-chatbot-app-73d666.scm.azurewebsites.net" User-Agent="AZURECLI/2.77.0 (MSI)" Accept-Encoding="gzip, deflate" Authorization="Bas..." Cache-Control="no-cache" Content-Type="application/octet-stream" Content-Length="222904" x-ms-client-request-id="53c30581-b2fd-11f0-b13c-1cce519a4abb" x-ms-artifact-checksum="8f0fb225b6445867004ae8356f1aeee21e1109fabbc625468773cb517cee24e6" X-ARR-LOG-ID="53c30581-b2fd-11f0-b13c-1cce519a4abb" CLIENT-IP="117.250.76.240:32293" X-SITE-DEPLOYMENT-ID="my-chatbot-app-73d666" WAS-DEFAULT-HOSTNAME="my-chatbot-app-73d666.scm.azurewebsites.net" X-Forwarded-Proto="https" X-AppService-Proto="https" X-Forwarded-TlsVersion="1.3" X-WAWS-Unencoded-URL="/api/zipdeploy?isAsync=true" X-Client-IP="117.250.76.240" X-Client-Port="32293" >
  <step title="Cleanup Xml Logs" date="2025-10-27T06:22:48.106" >
    <step title="Cleanup Infos" date="2025-10-27T06:22:48.191" totalFiles="395" totalCleanup="235" /><!-- duration: 25ms -->
  </step><!-- duration: 132ms -->
  <step title="ZipPushDeploy" date="2025-10-27T06:22:51.665" >
    <step title="ZipDeploy. Extract zip. Remote build." date="2025-10-27T06:22:51.730" /><!-- duration: 30ms -->
    <step title="None repository commit" date="2025-10-27T06:22:51.883" >
      <step title="Commit id: 85421813-ff79-45ee-8e5c-3db8ab7df5f1" date="2025-10-27T06:22:51.891" Message="N/A" AuthorName="N/A" AuthorEmail="N/A" /><!-- duration: 10ms -->
    </step><!-- duration: 22ms -->
    <step title="Starting PushDeployAsync" date="2025-10-27T06:22:51.910" /><!-- duration: 20ms -->
    <step title="Writing artifact to /tmp/zipdeploy/8e6d0eb7-561f-421c-88d9-30d4d012506a.zip" date="2025-10-27T06:22:51.984" >
      <step title="Writing multipart request body to /tmp/zipdeploy/8e6d0eb7-561f-421c-88d9-30d4d012506a.zip" date="2025-10-27T06:22:51.996" /><!-- duration: 35ms -->
    </step><!-- duration: 604ms -->
    <step title="Removing previous build artifact&apos;s manifest file" date="2025-10-27T06:22:52.627" >
      <step title="Start deployment in the background" date="2025-10-27T06:22:52.701" >
        <step title="Acquiring Deployment Lock" date="2025-10-27T06:22:52.873" /><!-- duration: 48ms -->
        <step title="Acquired Deployment Lock" date="2025-10-27T06:22:53.511" /><!-- duration: 27ms -->
      </step><!-- duration: 1384ms -->
    </step><!-- duration: 1478ms -->
    <step title="Outgoing response" date="2025-10-27T06:22:54.169" type="response" statusCode="202" statusText="Accepted" /><!-- duration: 11ms -->
  </step><!-- duration: 2534ms -->
