<step title="Incoming Request" date="2025-10-25T09:17:22.686" instance="10ec71" url="/api/deployments/latest" method="GET" type="request" pid="768,1,15" Accept="*/*" Host="my-chatbot-app-73d666.scm.azurewebsites.net" User-Agent="AZURECLI/2.77.0 (MSI)" Accept-Encoding="gzip, deflate" Authorization="Bas..." x-ms-client-request-id="5e49ebc2-b183-11f0-b50b-1cce519a4abb" X-ARR-LOG-ID="5e49ebc2-b183-11f0-b50b-1cce519a4abb" CLIENT-IP="117.250.76.240:24640" X-SITE-DEPLOYMENT-ID="my-chatbot-app-73d666" WAS-DEFAULT-HOSTNAME="my-chatbot-app-73d666.scm.azurewebsites.net" X-Forwarded-Proto="https" X-AppService-Proto="https" X-Forwarded-TlsVersion="1.3" X-WAWS-Unencoded-URL="/api/deployments/latest" X-Client-IP="117.250.76.240" X-Client-Port="24640" >
  <step title="Cleanup Xml Logs" date="2025-10-25T09:17:22.702" >
    <step title="Cleanup Infos" date="2025-10-25T09:17:22.795" totalFiles="204" totalCleanup="44" /><!-- duration: 29ms -->
  </step><!-- duration: 152ms -->
  <step title="DeploymentService.GetResult" date="2025-10-25T09:17:23.094" >
    <step title="DeploymentService.GetLatestDeployment" date="2025-10-25T09:17:23.122" >
      <step title="DeploymentManager.GetResults" date="2025-10-25T09:17:23.134" /><!-- duration: 1785ms -->
    </step><!-- duration: 1852ms -->
  </step><!-- duration: 1910ms -->
  <step title="Outgoing response" date="2025-10-25T09:17:25.632" type="response" statusCode="202" statusText="Accepted" /><!-- duration: 38ms -->
</step><!-- duration: 3042ms -->
