<step title="BackgroundTrace" date="2025-10-27T08:45:48.471" instance="10ec71" url="/api/zipdeploy" method="POST" >
  <step title="Cleanup Xml Logs" date="2025-10-27T08:45:48.481" >
    <step title="Cleanup Infos" date="2025-10-27T08:45:48.504" totalFiles="409" totalCleanup="249" /><!-- duration: 16ms -->
  </step><!-- duration: 57ms -->
  <step title="Creating temporary deployment - FetchDeploymentManager" date="2025-10-27T08:45:48.738" /><!-- duration: 4ms -->
  <step title="Creating temporary deployment" date="2025-10-27T08:45:48.749" /><!-- duration: 197ms -->
  <step title="Performing fetch based deployment" date="2025-10-27T08:45:49.065" >
    <step title="Cleaning up temp folders from previous zip deployments and extracting pushed zip file /tmp/zipdeploy/e3e7e6d0-4e21-4d0d-88c5-dbffdd67712a.zip (80.54 MB) to /tmp/zipdeploy/extracted" date="2025-10-27T08:45:52.931" >
      <step title="ChmodRecursive Process exited with total time taken in ms: 660" date="2025-10-27T08:46:13.178" /><!-- duration: 10ms -->
    </step><!-- duration: 20268ms -->
    <step title="Deployment timer started" date="2025-10-27T08:46:15.225" >
      <step title="DeploymentManager.Deploy(id:083e27ff-6bb2-4aaf-9896-0c35dc2f025f)" date="2025-10-27T08:46:15.234" >
        <step title="Collecting changeset information" date="2025-10-27T08:46:15.274" /><!-- duration: 160ms -->
        <step title="Updating submodules" date="2025-10-27T08:46:15.442" /><!-- duration: 1163ms -->
        <step title="Determining deployment builder" date="2025-10-27T08:46:16.880" >
          <step title="Builder is OryxBuilder" date="2025-10-27T08:46:16.913" /><!-- duration: 5ms -->
        </step><!-- duration: 44ms -->
        <step title="PreDeployment: context.CleanOutputPath False" date="2025-10-27T08:46:16.994" >
          <step title="PreDeployment: context.OutputPath /home/site/wwwroot" date="2025-10-27T08:46:17.138" >
            <step title="Building" date="2025-10-27T08:46:17.306" >
              <step title="Executing external process" date="2025-10-27T08:46:17.848" type="process" path="bash" arguments="-c &quot;oryx build /tmp/zipdeploy/extracted -o /home/site/wwwroot --platform python --platform-version 3.10 -p virtualenv_name=antenv --log-file /tmp/build-debug.log  -i /tmp/8de15354b06aa4f --compress-destination-dir | tee /tmp/oryx-build.log ; exit $PIPESTATUS &quot;" >
                <step title="Cpu: python(1201,38.680s)+ts(1202,0.140s)+build.sh(1200,0.000s)+build.sh(1199,0.000s)+build.sh(1090,0.070s)+oryx(1069,5.810s)+tee(1070,0.010s)+bash(1068,0.000s)=total(44.690s)" date="2025-10-27T08:48:44.126" /><!-- duration: 13ms -->
                <step title="bash: no io activity for 60s, prev-cpu=-1.000s, current-cpu=44.690s" date="2025-10-27T08:48:44.152" /><!-- duration: 28ms -->
                <step title="Cpu: gzip(1328,30.380s)+sh(1327,0.000s)+tar(1326,3.310s)+build.sh(1090,0.090s)+oryx(1069,6.520s)+tee(1070,0.010s)+bash(1068,0.000s)=total(40.300s)" date="2025-10-27T08:51:32.127" /><!-- duration: 188ms -->
                <step title="bash: no io activity for 61s, prev-cpu=-1.000s, current-cpu=40.300s" date="2025-10-27T08:51:32.354" /><!-- duration: 87ms -->
                <step title="Cpu: gzip(1328,50.310s)+sh(1327,0.000s)+tar(1326,6.200s)+build.sh(1090,0.090s)+oryx(1069,6.530s)+tee(1070,0.010s)+bash(1068,0.000s)=total(63.140s)" date="2025-10-27T08:52:33.164" /><!-- duration: 73ms -->
                <step title="bash: no io activity for 122s, prev-cpu=40.300s, current-cpu=63.140s" date="2025-10-27T08:52:33.306" /><!-- duration: 76ms -->
              </step><!-- duration: 410301ms -->
              <step title="Using PythonDeploymentLogParser" date="2025-10-27T08:53:08.742" /><!-- duration: 11ms -->
              <step title="Triggering recycle (preview mode disabled)." date="2025-10-27T08:53:10.144" /><!-- duration: 7ms -->
              <step title="Modified file to trigger a restart of the app container." date="2025-10-27T08:53:10.194" /><!-- duration: 4ms -->
              <step title="Skip function trigger and logicapp sync because function is not enabled." date="2025-10-27T08:53:10.229" /><!-- duration: 4ms -->
              <step title="Purge deployment items" date="2025-10-27T08:53:11.699" >
                <step title="Remove 46a12d45-, Failed, received at 10/27/2025 07:03:36" date="2025-10-27T08:53:11.845" /><!-- duration: 4ms -->
                <step title="Remove 8e9d93af-, Success, received at 10/25/2025 11:11:26" date="2025-10-27T08:53:11.966" /><!-- duration: 25ms -->
              </step><!-- duration: 300ms -->
            </step><!-- duration: 414767ms -->
          </step><!-- duration: 414956ms -->
          <step title="Cleaning up temp files" date="2025-10-27T08:53:12.097" /><!-- duration: 6403ms -->
          <step title="Cleaning up temp files" date="2025-10-27T08:53:18.510" /><!-- duration: 542ms -->
          <step title="Reloading status file with latest updates" date="2025-10-27T08:53:19.083" >
            <step title="WebHooksManager.PublishEventAsync: PostDeployment" date="2025-10-27T08:53:19.090" /><!-- duration: 286ms -->
          </step><!-- duration: 298ms -->
          <step title="Cleaning up temporary deployment - fetch deployment was successful" date="2025-10-27T08:53:19.393" /><!-- duration: 5ms -->
        </step><!-- duration: 422448ms -->
      </step><!-- duration: 424231ms -->
