<step title="Incoming Request" date="2025-10-22T06:14:30.949" instance="10ec71" url="/api/publish?type=zip&amp;restart=True" method="POST" type="request" pid="772,1,5" Accept="*/*" Host="my-chatbot-app-73d666.scm.azurewebsites.net" User-Agent="AZURECLI/2.77.0 (MSI)" Accept-Encoding="gzip, deflate" Authorization="Bas..." Cache-Control="no-cache" Content-Type="application/octet-stream" Cookie="ARRAffinity=10ec71252d15acc549bd1b49685e9bce1d1247141bf9ff915402b1130345f15b; ARRAffinitySameSite=10ec71252d15acc549bd1b49685e9bce1d1247141bf9ff915402b1130345f15b" Content-Length="34529" x-ms-client-request-id="50b9c87c-af0e-11f0-a068-30138bc23e6b" x-ms-artifact-checksum="ffc4c65fce8627e735c5820cdc291d43786019dcd20e64f96bf55071332e7176" X-ARR-LOG-ID="50b9c87c-af0e-11f0-a068-30138bc23e6b" CLIENT-IP="117.250.76.240:2490" X-SITE-DEPLOYMENT-ID="my-chatbot-app-73d666" WAS-DEFAULT-HOSTNAME="my-chatbot-app-73d666.scm.azurewebsites.net" X-Forwarded-Proto="https" X-AppService-Proto="https" X-Forwarded-TlsVersion="1.3" X-WAWS-Unencoded-URL="/api/publish?type=zip&amp;restart=True" X-Client-IP="117.250.76.240" X-Client-Port="2490" >
  <step title="Cleanup Xml Logs" date="2025-10-22T06:14:30.959" /><!-- duration: 23ms -->
  <step title="OneDeploy" date="2025-10-22T06:14:31.101" >
    <step title="None repository commit" date="2025-10-22T06:14:31.118" >
      <step title="Commit id: 0156ac1d-a54b-4a8f-a0cd-d1fb0e795f28" date="2025-10-22T06:14:31.122" Message="N/A" AuthorName="N/A" AuthorEmail="N/A" /><!-- duration: 3ms -->
    </step><!-- duration: 11ms -->
    <step title="Starting PushDeployAsync" date="2025-10-22T06:14:31.132" /><!-- duration: 4ms -->
    <step title="Writing artifact to /tmp/zipdeploy/b1ff3f63-d952-48d9-92da-eec332ea7b3f.zip" date="2025-10-22T06:14:31.162" >
      <step title="Writing multipart request body to /tmp/zipdeploy/b1ff3f63-d952-48d9-92da-eec332ea7b3f.zip" date="2025-10-22T06:14:31.171" /><!-- duration: 8ms -->
    </step><!-- duration: 252ms -->
    <step title="Removing previous build artifact&apos;s manifest file" date="2025-10-22T06:14:31.420" >
      <step title="Attempting to fetch target branch HEAD" date="2025-10-22T06:14:31.460" /><!-- duration: 8ms -->
      <step title="Acquiring Deployment Lock" date="2025-10-22T06:14:31.487" /><!-- duration: 19ms -->
      <step title="Acquired Deployment Lock" date="2025-10-22T06:14:31.560" /><!-- duration: 5ms -->
      <step title="Performing fetch based deployment" date="2025-10-22T06:14:31.575" >
        <step title="Creating temporary deployment" date="2025-10-22T06:14:31.580" /><!-- duration: 69ms -->
        <step title="Releasing Deployment Lock" date="2025-10-22T06:14:32.880" /><!-- duration: 20ms -->
        <step title="Cleaning up temp folders from previous zip deployments and extracting pushed zip file /tmp/zipdeploy/b1ff3f63-d952-48d9-92da-eec332ea7b3f.zip (0.03 MB) to /tmp/zipdeploy/extracted" date="2025-10-22T06:14:33.029" >
          <step title="ChmodRecursive Process exited with total time taken in ms: 216" date="2025-10-22T06:14:33.406" /><!-- duration: 11ms -->
        </step><!-- duration: 398ms -->
        <step title="None repository commit" date="2025-10-22T06:14:33.444" >
          <step title="Commit id: 0156ac1d-a54b-4a8f-a0cd-d1fb0e795f28" date="2025-10-22T06:14:33.453" Message="OneDeploy" AuthorName="N/A" AuthorEmail="N/A" /><!-- duration: 4ms -->
        </step><!-- duration: 17ms -->
        <step title="Deployment timer started" date="2025-10-22T06:14:35.475" >
          <step title="DeploymentManager.Deploy(id:0156ac1d-a54b-4a8f-a0cd-d1fb0e795f28)" date="2025-10-22T06:14:35.488" >
            <step title="Collecting changeset information" date="2025-10-22T06:14:35.508" /><!-- duration: 107ms -->
            <step title="Updating submodules" date="2025-10-22T06:14:35.623" /><!-- duration: 1171ms -->
            <step title="Determining deployment builder" date="2025-10-22T06:14:37.050" >
              <step title="Builder is OryxBuilder" date="2025-10-22T06:14:37.068" /><!-- duration: 9ms -->
            </step><!-- duration: 32ms -->
            <step title="PreDeployment: context.CleanOutputPath False" date="2025-10-22T06:14:37.140" >
              <step title="PreDeployment: context.OutputPath /home/site/wwwroot" date="2025-10-22T06:14:37.301" >
                <step title="Building" date="2025-10-22T06:14:37.473" >
                  <step title="Executing external process" date="2025-10-22T06:14:37.883" type="process" path="bash" arguments="-c &quot;oryx build /tmp/zipdeploy/extracted -o /home/site/wwwroot --platform python --platform-version 3.10 -p virtualenv_name=antenv --log-file /tmp/build-debug.log  -i /tmp/8de11324706f45b --compress-destination-dir | tee /tmp/oryx-build.log ; exit $PIPESTATUS &quot;" >
                    <step title="Cpu: python(968,29.890s)+ts(969,0.180s)+build.sh(967,0.000s)+build.sh(966,0.000s)+build.sh(865,0.070s)+oryx(845,6.310s)+tee(846,0.000s)+bash(844,0.000s)=total(36.440s)" date="2025-10-22T06:16:28.015" /><!-- duration: 30ms -->
                    <step title="bash: no io activity for 60s, prev-cpu=-1.000s, current-cpu=36.440s" date="2025-10-22T06:16:28.062" /><!-- duration: 36ms -->
                    <step title="Cpu: python(968,66.580s)+ts(969,0.180s)+build.sh(967,0.000s)+build.sh(966,0.000s)+build.sh(865,0.070s)+oryx(845,6.340s)+tee(846,0.000s)+bash(844,0.000s)=total(73.160s)" date="2025-10-22T06:17:28.548" /><!-- duration: 74ms -->
                    <step title="bash: no io activity for 121s, prev-cpu=36.440s, current-cpu=73.160s" date="2025-10-22T06:17:28.642" /><!-- duration: 21ms -->
                    <step title="Error occurred" date="2025-10-22T06:20:01.631" type="error" text="GetParentProcessLinux (1122) failed.: Could not find a part of the path &apos;/proc/1122/stat&apos;." stackTrace="   at Interop.ThrowExceptionForIoErrno(ErrorInfo errorInfo, String path, Boolean isDirError)
   at Microsoft.Win32.SafeHandles.SafeFileHandle.Open(String fullPath, FileMode mode, FileAccess access, FileShare share, FileOptions options, Int64 preallocationSize, UnixFileMode openPermissions, Int64&amp; fileLength, UnixFileMode&amp; filePermissions, Boolean failForSymlink, Boolean&amp; wasSymlink, Func`4 createOpenException)
   at System.IO.Strategies.OSFileStreamStrategy..ctor(String path, FileMode mode, FileAccess access, FileShare share, FileOptions options, Int64 preallocationSize, Nullable`1 unixCreateMode)
   at System.IO.StreamReader.ValidateArgsAndOpenPath(String path, Encoding encoding, Int32 bufferSize)
   at System.IO.File.ReadLines(String path)
   at Kudu.Core.Infrastructure.ProcessExtensions.GetParentProcessLinux(Process process, ITracer tracer) in /tmp/KuduLite/Kudu.Core/Infrastructure/ProcessExtensions.cs:line 155" /><!-- duration: 74ms -->
                    <step title="Cpu: gzip(1098,16.990s)+sh(1097,0.000s)+tar(1096,1.970s)+build.sh(865,0.090s)+oryx(845,6.980s)+tee(846,0.000s)+bash(844,0.000s)=total(26.020s)" date="2025-10-22T06:20:04.812" /><!-- duration: 124ms -->
                    <step title="bash: no io activity for 61s, prev-cpu=-1.000s, current-cpu=26.020s" date="2025-10-22T06:20:05.351" /><!-- duration: 105ms -->
