<step title="Incoming Request" date="2025-10-26T17:24:39.159" instance="10ec71" url="/api/zipdeploy?isAsync=true" method="POST" type="request" pid="768,1,79" Accept="*/*" Host="my-chatbot-app-73d666.scm.azurewebsites.net" User-Agent="AZURECLI/2.77.0 (MSI)" Accept-Encoding="gzip, deflate" Authorization="Bas..." Cache-Control="no-cache" Content-Type="application/octet-stream" Content-Length="223341" x-ms-client-request-id="9ab9bd55-b290-11f0-9ba7-1cce519a4abb" x-ms-artifact-checksum="d341fa6c0fbf5f9adaddba3a595f401d86a1c389fc50754a63d1537fdb3a39d4" X-ARR-LOG-ID="9ab9bd55-b290-11f0-9ba7-1cce519a4abb" CLIENT-IP="149.22.84.167:2239" X-SITE-DEPLOYMENT-ID="my-chatbot-app-73d666" WAS-DEFAULT-HOSTNAME="my-chatbot-app-73d666.scm.azurewebsites.net" X-Forwarded-Proto="https" X-AppService-Proto="https" X-Forwarded-TlsVersion="1.3" X-WAWS-Unencoded-URL="/api/zipdeploy?isAsync=true" X-Client-IP="149.22.84.167" X-Client-Port="2239" >
  <step title="Cleanup Xml Logs" date="2025-10-26T17:24:39.183" >
    <step title="Cleanup Infos" date="2025-10-26T17:24:39.226" totalFiles="352" totalCleanup="192" /><!-- duration: 65ms -->
  </step><!-- duration: 119ms -->
  <step title="ZipPushDeploy" date="2025-10-26T17:24:39.423" >
    <step title="ZipDeploy. Extract zip. Remote build." date="2025-10-26T17:24:39.444" /><!-- duration: 8ms -->
    <step title="Starting PushDeployAsync" date="2025-10-26T17:24:39.464" /><!-- duration: 7ms -->
    <step title="Writing artifact to /tmp/zipdeploy/c6ac395c-59ab-448a-85f6-22dfa73a48f1.zip" date="2025-10-26T17:24:39.497" >
      <step title="Writing multipart request body to /tmp/zipdeploy/c6ac395c-59ab-448a-85f6-22dfa73a48f1.zip" date="2025-10-26T17:24:39.507" /><!-- duration: 7ms -->
    </step><!-- duration: 628ms -->
    <step title="Start deployment in the background" date="2025-10-26T17:24:40.148" >
      <step title="Acquiring Deployment Lock" date="2025-10-26T17:24:40.246" /><!-- duration: 13ms -->
      <step title="Acquired Deployment Lock" date="2025-10-26T17:24:40.379" /><!-- duration: 11ms -->
    </step><!-- duration: 442ms -->
  </step><!-- duration: 1201ms -->
  <step title="Outgoing response" date="2025-10-26T17:24:40.632" type="response" statusCode="202" statusText="Accepted" /><!-- duration: 4ms -->
</step><!-- duration: 1481ms -->
