<step title="Incoming Request" date="2025-10-22T07:26:24.834" instance="10ec71" url="/api/zipdeploy?isAsync=true" method="POST" type="request" pid="776,1,7" Accept="*/*" Host="my-chatbot-app-73d666.scm.azurewebsites.net" User-Agent="AZURECLI/2.77.0 (MSI)" Accept-Encoding="gzip, deflate" Authorization="Bas..." Cache-Control="no-cache" Content-Type="application/octet-stream" Content-Length="37434" x-ms-client-request-id="611d4a28-af18-11f0-a64a-30138bc23e6b" x-ms-artifact-checksum="f9244055131a98d8742b4a45ba45022a5eb41b36c03e0923da190ca779237804" X-ARR-LOG-ID="611d4a28-af18-11f0-a64a-30138bc23e6b" CLIENT-IP="117.250.76.240:12533" X-SITE-DEPLOYMENT-ID="my-chatbot-app-73d666" WAS-DEFAULT-HOSTNAME="my-chatbot-app-73d666.scm.azurewebsites.net" X-Forwarded-Proto="https" X-AppService-Proto="https" X-Forwarded-TlsVersion="1.3" X-WAWS-Unencoded-URL="/api/zipdeploy?isAsync=true" X-Client-IP="117.250.76.240" X-Client-Port="12533" >
  <step title="Cleanup Xml Logs" date="2025-10-22T07:26:24.842" /><!-- duration: 9ms -->
  <step title="ZipPushDeploy" date="2025-10-22T07:26:25.901" >
    <step title="ZipDeploy. Extract zip. Remote build." date="2025-10-22T07:26:25.911" /><!-- duration: 4ms -->
    <step title="None repository commit" date="2025-10-22T07:26:25.929" >
      <step title="Commit id: 7d1f91fd-2aa6-4535-a32e-e4eb8e4af097" date="2025-10-22T07:26:25.934" Message="N/A" AuthorName="N/A" AuthorEmail="N/A" /><!-- duration: 4ms -->
    </step><!-- duration: 13ms -->
    <step title="Starting PushDeployAsync" date="2025-10-22T07:26:25.951" /><!-- duration: 10ms -->
    <step title="Writing artifact to /tmp/zipdeploy/8a919645-405d-4c74-82ed-04a9a42088b3.zip" date="2025-10-22T07:26:26.052" >
      <step title="Writing multipart request body to /tmp/zipdeploy/8a919645-405d-4c74-82ed-04a9a42088b3.zip" date="2025-10-22T07:26:26.062" /><!-- duration: 5ms -->
    </step><!-- duration: 67ms -->
    <step title="Removing previous build artifact&apos;s manifest file" date="2025-10-22T07:26:26.135" >
      <step title="Start deployment in the background" date="2025-10-22T07:26:26.196" >
        <step title="Acquiring Deployment Lock" date="2025-10-22T07:26:26.224" /><!-- duration: 9ms -->
        <step title="Acquired Deployment Lock" date="2025-10-22T07:26:26.365" /><!-- duration: 3ms -->
      </step><!-- duration: 294ms -->
    </step><!-- duration: 375ms -->
    <step title="Outgoing response" date="2025-10-22T07:26:26.540" type="response" statusCode="202" statusText="Accepted" /><!-- duration: 4ms -->
  </step><!-- duration: 645ms -->
