<step title="Incoming Request" date="2025-10-21T12:25:25.620" instance="10ec71" url="/api/publish?type=zip" method="POST" type="request" pid="778,1,16" Accept="*/*" Host="my-chatbot-app-73d666.scm.azurewebsites.net" User-Agent="AZURECLI/2.77.0 (MSI)" Accept-Encoding="gzip, deflate" Authorization="Bas..." Cache-Control="no-cache" Content-Type="application/octet-stream" Cookie="ARRAffinity=10ec71252d15acc549bd1b49685e9bce1d1247141bf9ff915402b1130345f15b; ARRAffinitySameSite=10ec71252d15acc549bd1b49685e9bce1d1247141bf9ff915402b1130345f15b" Content-Length="233304" x-ms-client-request-id="f55a5702-ae78-11f0-9b7c-30138bc23e6b" x-ms-artifact-checksum="2cc5a799d007019eaeaf134d03f7feb5b80caaeb66305deca7868f8b01dd5ce9" X-ARR-LOG-ID="f55a5702-ae78-11f0-9b7c-30138bc23e6b" CLIENT-IP="117.250.76.240:41132" X-SITE-DEPLOYMENT-ID="my-chatbot-app-73d666" WAS-DEFAULT-HOSTNAME="my-chatbot-app-73d666.scm.azurewebsites.net" X-Forwarded-Proto="https" X-AppService-Proto="https" X-Forwarded-TlsVersion="1.3" X-WAWS-Unencoded-URL="/api/publish?type=zip" X-Client-IP="117.250.76.240" X-Client-Port="41132" >
  <step title="OneDeploy" date="2025-10-21T12:25:25.793" >
    <step title="None repository commit" date="2025-10-21T12:25:25.823" >
      <step title="Commit id: 488fb2c0-bb61-4110-9918-2356c456fc72" date="2025-10-21T12:25:25.844" Message="N/A" AuthorName="N/A" AuthorEmail="N/A" /><!-- duration: 8ms -->
    </step><!-- duration: 37ms -->
    <step title="Starting PushDeployAsync" date="2025-10-21T12:25:25.870" /><!-- duration: 36ms -->
    <step title="Writing artifact to /tmp/zipdeploy/31319bd7-7034-4de7-804a-4db823b5961f.zip" date="2025-10-21T12:25:25.974" >
      <step title="Writing multipart request body to /tmp/zipdeploy/31319bd7-7034-4de7-804a-4db823b5961f.zip" date="2025-10-21T12:25:25.993" /><!-- duration: 17ms -->
    </step><!-- duration: 803ms -->
    <step title="Attempting to fetch target branch HEAD" date="2025-10-21T12:25:26.799" /><!-- duration: 4ms -->
    <step title="Acquiring Deployment Lock" date="2025-10-21T12:25:26.810" /><!-- duration: 7ms -->
    <step title="Acquired Deployment Lock" date="2025-10-21T12:25:26.853" /><!-- duration: 4ms -->
    <step title="Performing fetch based deployment" date="2025-10-21T12:25:26.872" >
      <step title="Creating temporary deployment" date="2025-10-21T12:25:26.878" /><!-- duration: 73ms -->
      <step title="Releasing Deployment Lock" date="2025-10-21T12:25:28.149" /><!-- duration: 8ms -->
      <step title="Cleaning up temp folders from previous zip deployments and extracting pushed zip file /tmp/zipdeploy/31319bd7-7034-4de7-804a-4db823b5961f.zip (0.22 MB) to /tmp/zipdeploy/extracted" date="2025-10-21T12:25:28.308" >
        <step title="ChmodRecursive Process exited with total time taken in ms: 200" date="2025-10-21T12:25:28.830" /><!-- duration: 10ms -->
      </step><!-- duration: 552ms -->
      <step title="None repository commit" date="2025-10-21T12:25:28.886" >
        <step title="Commit id: 488fb2c0-bb61-4110-9918-2356c456fc72" date="2025-10-21T12:25:28.890" Message="OneDeploy" AuthorName="N/A" AuthorEmail="N/A" /><!-- duration: 4ms -->
      </step><!-- duration: 12ms -->
      <step title="Deployment timer started" date="2025-10-21T12:25:30.906" >
        <step title="DeploymentManager.Deploy(id:488fb2c0-bb61-4110-9918-2356c456fc72)" date="2025-10-21T12:25:30.924" >
          <step title="Collecting changeset information" date="2025-10-21T12:25:30.957" /><!-- duration: 106ms -->
          <step title="Updating submodules" date="2025-10-21T12:25:31.069" /><!-- duration: 1154ms -->
          <step title="Determining deployment builder" date="2025-10-21T12:25:32.509" >
            <step title="Builder is OryxBuilder" date="2025-10-21T12:25:32.529" /><!-- duration: 7ms -->
          </step><!-- duration: 32ms -->
          <step title="PreDeployment: context.CleanOutputPath False" date="2025-10-21T12:25:32.593" >
            <step title="PreDeployment: context.OutputPath /home/site/wwwroot" date="2025-10-21T12:25:32.720" >
              <step title="Building" date="2025-10-21T12:25:32.874" >
                <step title="Executing external process" date="2025-10-21T12:25:33.367" type="process" path="bash" arguments="-c &quot;oryx build /tmp/zipdeploy/extracted -o /home/site/wwwroot --platform python --platform-version 3.11 -p virtualenv_name=antenv --log-file /tmp/build-debug.log  -i /tmp/8de109cede7476f --compress-destination-dir | tee /tmp/oryx-build.log ; exit $PIPESTATUS &quot;" 