<step title="Incoming Request" date="2025-10-26T08:40:03.114" instance="10ec71" url="/api/deployments/latest" method="GET" type="request" pid="768,1,36" Accept="*/*" Host="my-chatbot-app-73d666.scm.azurewebsites.net" User-Agent="AZURECLI/2.77.0 (MSI)" Accept-Encoding="gzip, deflate" Authorization="Bas..." x-ms-client-request-id="4b4c555f-b247-11f0-8c38-1cce519a4abb" X-ARR-LOG-ID="4b4c555f-b247-11f0-8c38-1cce519a4abb" CLIENT-IP="149.22.84.168:28258" X-SITE-DEPLOYMENT-ID="my-chatbot-app-73d666" WAS-DEFAULT-HOSTNAME="my-chatbot-app-73d666.scm.azurewebsites.net" X-Forwarded-Proto="https" X-AppService-Proto="https" X-Forwarded-TlsVersion="1.3" X-WAWS-Unencoded-URL="/api/deployments/latest" X-Client-IP="149.22.84.168" X-Client-Port="28258" >
  <step title="Cleanup Xml Logs" date="2025-10-26T08:40:03.132" >
    <step title="Cleanup Infos" date="2025-10-26T08:40:03.335" totalFiles="289" totalCleanup="129" /><!-- duration: 31ms -->
  </step><!-- duration: 259ms -->
  <step title="DeploymentService.GetResult" date="2025-10-26T08:40:03.551" >
    <step title="DeploymentService.GetLatestDeployment" date="2025-10-26T08:40:03.590" >
      <step title="DeploymentManager.GetResults" date="2025-10-26T08:40:03.609" /><!-- duration: 5022ms -->
    </step><!-- duration: 5370ms -->
  </step><!-- duration: 5444ms -->
  <step title="Outgoing response" date="2025-10-26T08:40:09.051" type="response" statusCode="202" statusText="Accepted" /><!-- duration: 27ms -->
</step><!-- duration: 5972ms -->
