<step title="Incoming Request" date="2025-10-26T17:43:26.958" instance="10ec71" url="/api/deployments/latest" method="GET" type="request" pid="770,1,5" Accept="*/*" Host="my-chatbot-app-73d666.scm.azurewebsites.net" User-Agent="AZURECLI/2.77.0 (MSI)" Accept-Encoding="gzip, deflate" Authorization="Bas..." x-ms-client-request-id="3482dbba-b293-11f0-9ac6-1cce519a4abb" X-ARR-LOG-ID="3482dbba-b293-11f0-9ac6-1cce519a4abb" CLIENT-IP="149.22.84.167:15053" X-SITE-DEPLOYMENT-ID="my-chatbot-app-73d666" WAS-DEFAULT-HOSTNAME="my-chatbot-app-73d666.scm.azurewebsites.net" X-Forwarded-Proto="https" X-AppService-Proto="https" X-Forwarded-TlsVersion="1.3" X-WAWS-Unencoded-URL="/api/deployments/latest" X-Client-IP="149.22.84.167" X-Client-Port="15053" >
  <step title="Cleanup Xml Logs" date="2025-10-26T17:43:26.961" >
    <step title="Cleanup Infos" date="2025-10-26T17:43:27.009" totalFiles="371" totalCleanup="211" /><!-- duration: 31ms -->
  </step><!-- duration: 100ms -->
  <step title="DeploymentService.GetResult" date="2025-10-26T17:43:27.224" >
    <step title="DeploymentService.GetLatestDeployment" date="2025-10-26T17:43:27.242" >
      <step title="DeploymentManager.GetResults" date="2025-10-26T17:43:27.261" /><!-- duration: 3303ms -->
    </step><!-- duration: 3367ms -->
  </step><!-- duration: 3395ms -->
  <step title="Outgoing response" date="2025-10-26T17:43:30.876" type="response" statusCode="202" statusText="Accepted" /><!-- duration: 10ms -->
</step><!-- duration: 3937ms -->
