<step title="Incoming Request" date="2025-10-21T13:56:55.413" instance="10ec71" url="/api/publish?type=zip" method="POST" type="request" pid="770,1,36" Accept="*/*" Host="my-chatbot-app-73d666.scm.azurewebsites.net" User-Agent="AZURECLI/2.77.0 (MSI)" Accept-Encoding="gzip, deflate" Authorization="Bas..." Cache-Control="no-cache" Content-Type="application/octet-stream" Cookie="ARRAffinity=10ec71252d15acc549bd1b49685e9bce1d1247141bf9ff915402b1130345f15b; ARRAffinitySameSite=10ec71252d15acc549bd1b49685e9bce1d1247141bf9ff915402b1130345f15b" Content-Length="36926" x-ms-client-request-id="bd121760-ae85-11f0-86da-30138bc23e6b" x-ms-artifact-checksum="e0381c4b19b14a7acfc967fa885e1eee449e0d114a4ddeb466919cf21bd07dfd" X-ARR-LOG-ID="bd121760-ae85-11f0-86da-30138bc23e6b" CLIENT-IP="117.250.76.240:44475" X-SITE-DEPLOYMENT-ID="my-chatbot-app-73d666" WAS-DEFAULT-HOSTNAME="my-chatbot-app-73d666.scm.azurewebsites.net" X-Forwarded-Proto="https" X-AppService-Proto="https" X-Forwarded-TlsVersion="1.3" X-WAWS-Unencoded-URL="/api/publish?type=zip" X-Client-IP="117.250.76.240" X-Client-Port="44475" >
  <step title="Cleanup Xml Logs" date="2025-10-21T13:56:55.419" /><!-- duration: 8ms -->
  <step title="OneDeploy" date="2025-10-21T13:56:55.662" >
    <step title="Starting PushDeployAsync" date="2025-10-21T13:56:55.725" /><!-- duration: 5ms -->
    <step title="Writing artifact to /tmp/zipdeploy/0dc0db3a-83ef-431b-bcbe-ba015d4f0200.zip" date="2025-10-21T13:56:55.795" >
      <step title="Writing multipart request body to /tmp/zipdeploy/0dc0db3a-83ef-431b-bcbe-ba015d4f0200.zip" date="2025-10-21T13:56:55.807" /><!-- duration: 6ms -->
    </step><!-- duration: 214ms -->
    <step title="Removing previous build artifact&apos;s manifest file" date="2025-10-21T13:56:56.028" >
      <step title="Attempting to fetch target branch HEAD" date="2025-10-21T13:56:56.106" /><!-- duration: 4ms -->
      <step title="Acquiring Deployment Lock" date="2025-10-21T13:56:56.121" /><!-- duration: 12ms -->
      <step title="Acquired Deployment Lock" date="2025-10-21T13:56:56.175" /><!-- duration: 14ms -->
      <step title="Performing fetch based deployment" date="2025-10-21T13:56:56.351" >
        <step title="Creating temporary deployment" date="2025-10-21T13:56:56.435" /><!-- duration: 513ms -->
        <step title="Releasing Deployment Lock" date="2025-10-21T13:56:58.524" /><!-- duration: 12ms -->
        <step title="Cleaning up temp folders from previous zip deployments and extracting pushed zip file /tmp/zipdeploy/0dc0db3a-83ef-431b-bcbe-ba015d4f0200.zip (0.04 MB) to /tmp/zipdeploy/extracted" date="2025-10-21T13:56:58.823" >
          <step title="ChmodRecursive Process exited with total time taken in ms: 576" date="2025-10-21T13:57:02.130" /><!-- duration: 196ms -->
        </step><!-- duration: 3598ms -->
        <step title="None repository commit" date="2025-10-21T13:57:02.673" >
          <step title="Commit id: efe7518d-19e7-4ec7-8062-83a26f4d3973" date="2025-10-21T13:57:02.776" Message="OneDeploy" AuthorName="N/A" AuthorEmail="N/A" /><!-- duration: 45ms -->
        </step><!-- duration: 225ms -->
        <step title="Deployment timer started" date="2025-10-21T13:57:05.325" >
          <step title="DeploymentManager.Deploy(id:efe7518d-19e7-4ec7-8062-83a26f4d3973)" date="2025-10-21T13:57:05.458" >
            <step title="Collecting changeset information" date="2025-10-21T13:57:05.677" /><!-- duration: 1100ms -->
            <step title="Updating submodules" date="2025-10-21T13:57:06.934" /><!-- duration: 2404ms -->
            <step title="Determining deployment builder" date="2025-10-21T13:57:11.341" >
              <step title="Builder is OryxBuilder" date="2025-10-21T13:57:11.461" /><!-- duration: 39ms -->
            </step><!-- duration: 196ms -->
            <step title="PreDeployment: context.CleanOutputPath False" date="2025-10-21T13:57:11.699" >
              <step title="PreDeployment: context.OutputPath /home/site/wwwroot" date="2025-10-21T13:57:11.928" >
                <step title="Building" date="2025-10-21T13:57:12.214" >
                  <step title="Executing external process" date="2025-10-21T13:57:12.960" type="process" path="bash" arguments="-c &quot;oryx build /tmp/zipdeploy/extracted -o /home/site/wwwroot --platform python --platform-version 3.10 -p virtualenv_name=antenv --log-file /tmp/build-debug.log  -i /tmp/8de10a9bb9449cf --compress-destination-dir | tee /tmp/oryx-build.log ; exit $PIPESTATUS &quot;" >
                    <step title="Cpu: python(1666,41.420s)+ts(1667,0.150s)+build.sh(1665,0.000s)+build.sh(1664,0.000s)+build.sh(1576,0.070s)+oryx(1555,3.930s)+tee(1556,0.000s)+bash(1554,0.020s)=total(45.570s)" date="2025-10-21T13:58:59.203" /><!-- duration: 37ms -->
                    <step title="bash: no io activity for 60s, prev-cpu=-1.000s, current-cpu=45.570s" date="2025-10-21T13:58:59.304" /><!-- duration: 31ms -->
                  </step><!-- duration: 244669ms -->
                  <step title="Using PythonDeploymentLogParser" date="2025-10-21T14:01:19.104" /><!-- duration: 3ms -->
                  <step title="Modified file to trigger a restart of the app container." date="2025-10-21T14:01:20.790" /><!-- duration: 5ms -->
                  <step title="Skip function trigger and logicapp sync because function is not enabled." date="2025-10-21T14:01:20.820" /><!-- duration: 19ms -->
                  <step title="Purge deployment items" date="2025-10-21T14:01:22.561" >
                    <step title="Remove temp-5fba, Pending, received at 10/21/2025 14:01:17" date="2025-10-21T14:01:22.625" /><!-- duration: 9ms -->
                    <step title="Remove temp-671a, Pending, received at 10/21/2025 13:56:56" date="2025-10-21T14:01:22.705" /><!-- duration: 4ms -->
                  </step><!-- duration: 150ms -->
                </step><!-- duration: 250576ms -->
              </step><!-- duration: 250868ms -->
              <step title="Cleaning up temp files" date="2025-10-21T14:01:22.800" /><!-- duration: 4505ms -->
              <step title="Cleaning up temp files" date="2025-10-21T14:01:27.340" /><!-- duration: 543ms -->
              <step title="Reloading status file with latest updates" date="2025-10-21T14:01:28.170" >
                <step title="WebHooksManager.PublishEventAsync: PostDeployment" date="2025-10-21T14:01:28.191" /><!-- duration: 118ms -->
              </step><!-- duration: 149ms -->
              <step title="Cleaning up temporary deployment - fetch deployment was successful" date="2025-10-21T14:01:28.337" /><!-- duration: 11ms -->
            </step><!-- duration: 256741ms -->
          </step><!-- duration: 263022ms -->
          <step title="Outgoing response" date="2025-10-21T14:01:28.540" type="response" statusCode="200" statusText="OK" /><!-- duration: 8ms -->
        </step><!-- duration: 263227ms -->
