<step title="Incoming Request" date="2025-10-27T06:23:02.215" instance="10ec71" url="/api/deployments/latest" method="GET" type="request" pid="769,1,20" Accept="*/*" Host="my-chatbot-app-73d666.scm.azurewebsites.net" User-Agent="AZURECLI/2.77.0 (MSI)" Accept-Encoding="gzip, deflate" Authorization="Bas..." x-ms-client-request-id="53c30581-b2fd-11f0-b13c-1cce519a4abb" X-ARR-LOG-ID="53c30581-b2fd-11f0-b13c-1cce519a4abb" CLIENT-IP="117.250.76.240:46367" X-SITE-DEPLOYMENT-ID="my-chatbot-app-73d666" WAS-DEFAULT-HOSTNAME="my-chatbot-app-73d666.scm.azurewebsites.net" X-Forwarded-Proto="https" X-AppService-Proto="https" X-Forwarded-TlsVersion="1.3" X-WAWS-Unencoded-URL="/api/deployments/latest" X-Client-IP="117.250.76.240" X-Client-Port="46367" >
  <step title="Cleanup Xml Logs" date="2025-10-27T06:23:02.272" >
    <step title="Cleanup Infos" date="2025-10-27T06:23:02.462" totalFiles="397" totalCleanup="237" /><!-- duration: 56ms -->
  </step><!-- duration: 314ms -->
  <step title="DeploymentService.GetResult" date="2025-10-27T06:23:02.919" >
    <step title="DeploymentService.GetLatestDeployment" date="2025-10-27T06:23:02.977" >
      <step title="DeploymentManager.GetResults" date="2025-10-27T06:23:02.996" /><!-- duration: 2894ms -->
    </step><!-- duration: 2977ms -->
  </step><!-- duration: 3097ms -->
  <step title="Outgoing response" date="2025-10-27T06:23:06.501" type="response" statusCode="202" statusText="Accepted" /><!-- duration: 29ms -->
</step><!-- duration: 4368ms -->
