<step title="Incoming Request" date="2025-10-22T05:19:43.727" instance="10ec71" url="/api/publish?type=zip&amp;restart=True" method="POST" type="request" pid="770,1,7" Accept="*/*" Host="my-chatbot-app-73d666.scm.azurewebsites.net" User-Agent="AZURECLI/2.77.0 (MSI)" Accept-Encoding="gzip, deflate" Authorization="Bas..." Cache-Control="no-cache" Content-Type="application/octet-stream" Cookie="ARRAffinity=10ec71252d15acc549bd1b49685e9bce1d1247141bf9ff915402b1130345f15b; ARRAffinitySameSite=10ec71252d15acc549bd1b49685e9bce1d1247141bf9ff915402b1130345f15b" Content-Length="34287" x-ms-client-request-id="ab9ca7c8-af06-11f0-8787-30138bc23e6b" x-ms-artifact-checksum="67ada485e07ccc0e5d851b41ff8b29ca7a94c26e08e18e841b9438e3a19013e7" X-ARR-LOG-ID="ab9ca7c8-af06-11f0-8787-30138bc23e6b" CLIENT-IP="117.250.76.240:46906" X-SITE-DEPLOYMENT-ID="my-chatbot-app-73d666" WAS-DEFAULT-HOSTNAME="my-chatbot-app-73d666.scm.azurewebsites.net" X-Forwarded-Proto="https" X-AppService-Proto="https" X-Forwarded-TlsVersion="1.3" X-WAWS-Unencoded-URL="/api/publish?type=zip&amp;restart=True" X-Client-IP="117.250.76.240" X-Client-Port="46906" >
  <step title="Cleanup Xml Logs" date="2025-10-22T05:19:43.740" /><!-- duration: 17ms -->
  <step title="OneDeploy" date="2025-10-22T05:19:43.846" >
    <step title="None repository commit" date="2025-10-22T05:19:43.889" >
      <step title="Commit id: 641d9c8c-c476-452e-b459-283ba5639af2" date="2025-10-22T05:19:43.896" Message="N/A" AuthorName="N/A" AuthorEmail="N/A" /><!-- duration: 8ms -->
    </step><!-- duration: 21ms -->
    <step title="Starting PushDeployAsync" date="2025-10-22T05:19:43.919" /><!-- duration: 9ms -->
    <step title="Writing artifact to /tmp/zipdeploy/68cb9d9b-739a-4368-8a2a-fe246f82666e.zip" date="2025-10-22T05:19:43.953" >
      <step title="Writing multipart request body to /tmp/zipdeploy/68cb9d9b-739a-4368-8a2a-fe246f82666e.zip" date="2025-10-22T05:19:43.962" /><!-- duration: 19ms -->
    </step><!-- duration: 126ms -->
    <step title="Attempting to fetch target branch HEAD" date="2025-10-22T05:19:44.127" /><!-- duration: 8ms -->
    <step title="Acquiring Deployment Lock" date="2025-10-22T05:19:44.147" /><!-- duration: 13ms -->
    <step title="Acquired Deployment Lock" date="2025-10-22T05:19:44.263" /><!-- duration: 11ms -->
    <step title="Performing fetch based deployment" date="2025-10-22T05:19:44.294" >
      <step title="Creating temporary deployment" date="2025-10-22T05:19:44.303" /><!-- duration: 130ms -->
      <step title="Releasing Deployment Lock" date="2025-10-22T05:19:46.142" /><!-- duration: 18ms -->
      <step title="Cleaning up temp folders from previous zip deployments and extracting pushed zip file /tmp/zipdeploy/68cb9d9b-739a-4368-8a2a-fe246f82666e.zip (0.03 MB) to /tmp/zipdeploy/extracted" date="2025-10-22T05:19:46.294" >
        <step title="ChmodRecursive Process exited with total time taken in ms: 223" date="2025-10-22T05:19:46.653" /><!-- duration: 22ms -->
      </step><!-- duration: 473ms -->
      <step title="None repository commit" date="2025-10-22T05:19:46.795" >
        <step title="Commit id: 641d9c8c-c476-452e-b459-283ba5639af2" date="2025-10-22T05:19:46.843" Message="OneDeploy" AuthorName="N/A" AuthorEmail="N/A" /><!-- duration: 26ms -->
      </step><!-- duration: 118ms -->
      <step title="Deployment timer started" date="2025-10-22T05:19:48.949" >
        <step title="DeploymentManager.Deploy(id:641d9c8c-c476-452e-b459-283ba5639af2)" date="2025-10-22T05:19:48.961" >
          <step title="Collecting changeset information" date="2025-10-22T05:19:48.995" /><!-- duration: 249ms -->
          <step title="Updating submodules" date="2025-10-22T05:19:49.261" /><!-- duration: 1388ms -->
          <step title="Determining deployment builder" date="2025-10-22T05:19:51.179" >
            <step title="Builder is OryxBuilder" date="2025-10-22T05:19:51.207" /><!-- duration: 8ms -->
          </step><!-- duration: 44ms -->
          <step title="PreDeployment: context.CleanOutputPath False" date="2025-10-22T05:19:51.342" >
            <step title="PreDeployment: context.OutputPath /home/site/wwwroot" date="2025-10-22T05:19:51.579" >
              <step title="Building" date="2025-10-22T05:19:51.936" >
                <step title="Executing external process" date="2025-10-22T05:19:52.485" type="process" path="bash" arguments="-c &quot;oryx build /tmp/zipdeploy/extracted -o /home/site/wwwroot --platform python --platform-version 3.10 -p virtualenv_name=antenv --log-file /tmp/build-debug.log  -i /tmp/8de112aa082091e --compress-destination-dir | tee /tmp/oryx-build.log ; exit $PIPESTATUS &quot;" >
                  <step title="Cpu: python(975,42.270s)+ts(976,0.160s)+build.sh(974,0.000s)+build.sh(973,0.000s)+build.sh(862,0.100s)+oryx(843,3.710s)+tee(844,0.000s)+bash(842,0.000s)=total(46.230s)" date="2025-10-22T05:21:45.187" /><!-- duration: 17ms -->
                  <step title="bash: no io activity for 61s, prev-cpu=-1.000s, current-cpu=46.230s" date="2025-10-22T05:21:45.412" /><!-- duration: 37ms -->
                  <step title="Cpu: python(975,72.580s)+ts(976,0.160s)+build.sh(974,0.000s)+build.sh(973,0.000s)+build.sh(862,0.100s)+oryx(843,4.110s)+tee(844,0.000s)+bash(842,0.000s)=total(76.950s)" date="2025-10-22T05:22:45.925" /><!-- duration: 46ms -->
                  <step title="bash: no io activity for 122s, prev-cpu=46.230s, current-cpu=76.950s" date="2025-10-22T05:22:46.019" /><!-- duration: 41ms -->
                  <step title="Cpu: gzip(1104,28.950s)+sh(1103,0.000s)+tar(1102,2.970s)+build.sh(862,0.110s)+oryx(843,5.340s)+tee(844,0.000s)+bash(842,0.000s)=total(37.360s)" date="2025-10-22T05:24:29.797" /><!-- duration: 36ms -->
                  <step title="bash: no io activity for 60s, prev-cpu=-1.000s, current-cpu=37.360s" date="2025-10-22T05:24:29.855" /><!-- duration: 92ms -->
                </step><!-- duration: 307974ms -->
                <step title="Using PythonDeploymentLogParser" date="2025-10-22T05:25:01.289" /><!-- duration: 17ms -->
                <step title="Modified file to trigger a restart of the app container." date="2025-10-22T05:25:03.276" /><!-- duration: 6ms -->
                <step title="Skip function trigger and logicapp sync because function is not enabled." date="2025-10-22T05:25:03.310" /><!-- duration: 5ms -->
                <step title="Purge deployment items" date="2025-10-22T05:25:05.201" >
                  <step title="Remove 18cb55fc-, Failed, received at 10/22/2025 05:14:13" date="2025-10-22T05:25:05.278" /><!-- duration: 4ms -->
                  <step title="Remove e7a132a6-, Success, received at 10/21/2025 12:32:31" date="2025-10-22T05:25:05.366" /><!-- duration: 3ms -->
                </step><!-- duration: 171ms -->
              </step><!-- duration: 313508ms -->
            </step><!-- duration: 313875ms -->
            <step title="Cleaning up temp files" date="2025-10-22T05:25:05.459" /><!-- duration: 6982ms -->
            <step title="Cleaning up temp files" date="2025-10-22T05:25:12.448" /><!-- duration: 515ms -->
            <step title="Reloading status file with latest updates" date="2025-10-22T05:25:13.014" >
              <step title="WebHooksManager.PublishEventAsync: PostDeployment" date="2025-10-22T05:25:13.044" /><!-- duration: 198ms -->
            </step><!-- duration: 247ms -->
            <step title="Cleaning up temporary deployment - fetch deployment was successful" date="2025-10-22T05:25:13.272" /><!-- duration: 3ms -->
          </step><!-- duration: 321993ms -->
        </step><!-- duration: 324405ms -->
        <step title="Outgoing response" date="2025-10-22T05:25:13.442" type="response" statusCode="200" statusText="OK" /><!-- duration: 5ms -->
      </step><!-- duration: 324504ms -->
