<step title="BackgroundTrace" date="2025-10-25T08:56:52.177" instance="10ec71" url="/api/zipdeploy" method="POST" >
  <step title="Creating temporary deployment - FetchDeploymentManager" date="2025-10-25T08:56:52.375" /><!-- duration: 3ms -->
  <step title="Creating temporary deployment" date="2025-10-25T08:56:52.384" /><!-- duration: 85ms -->
  <step title="Performing fetch based deployment" date="2025-10-25T08:56:52.535" >
    <step title="Cleaning up temp folders from previous zip deployments and extracting pushed zip file /tmp/zipdeploy/0e82e059-4f9f-4d95-bd10-6b16a05c2456.zip (0.28 MB) to /tmp/zipdeploy/extracted" date="2025-10-25T08:56:53.756" >
      <step title="ChmodRecursive Process exited with total time taken in ms: 114" date="2025-10-25T08:56:54.092" /><!-- duration: 8ms -->
    </step><!-- duration: 356ms -->
    <step title="Deployment timer started" date="2025-10-25T08:56:56.146" >
      <step title="DeploymentManager.Deploy(id:a6c2a32b-a344-49c2-be94-ac3a16aa8541)" date="2025-10-25T08:56:56.158" >
        <step title="Collecting changeset information" date="2025-10-25T08:56:56.227" /><!-- duration: 166ms -->
        <step title="Updating submodules" date="2025-10-25T08:56:56.398" /><!-- duration: 1180ms -->
        <step title="Determining deployment builder" date="2025-10-25T08:56:57.924" >
          <step title="Builder is OryxBuilder" date="2025-10-25T08:56:57.978" /><!-- duration: 8ms -->
        </step><!-- duration: 79ms -->
        <step title="PreDeployment: context.CleanOutputPath False" date="2025-10-25T08:56:58.084" >
          <step title="PreDeployment: context.OutputPath /home/site/wwwroot" date="2025-10-25T08:56:58.223" >
            <step title="Building" date="2025-10-25T08:56:58.392" >
              <step title="Executing external process" date="2025-10-25T08:56:58.812" type="process" path="bash" arguments="-c &quot;oryx build /tmp/zipdeploy/extracted -o /home/site/wwwroot --platform python --platform-version 3.10 -p virtualenv_name=antenv --log-file /tmp/build-debug.log  -i /tmp/8de13a4745214d7 --compress-destination-dir | tee /tmp/oryx-build.log ; exit $PIPESTATUS &quot;" >
                <step title="Cpu: python(1008,41.960s)+ts(1009,0.130s)+build.sh(1007,0.000s)+build.sh(1006,0.000s)+build.sh(901,0.060s)+oryx(878,6.110s)+tee(879,0.000s)+bash(877,0.000s)=total(48.250s)" date="2025-10-25T08:59:11.636" /><!-- duration: 19ms -->
                <step title="bash: no io activity for 61s, prev-cpu=-1.000s, current-cpu=48.250s" date="2025-10-25T08:59:11.708" /><!-- duration: 24ms -->
                <step title="Cpu: gzip(1118,33.830s)+sh(1117,0.000s)+tar(1116,2.050s)+build.sh(901,0.070s)+oryx(878,6.700s)+tee(879,0.010s)+bash(877,0.000s)=total(42.650s)" date="2025-10-25T09:01:28.451" /><!-- duration: 28ms -->
                <step title="bash: no io activity for 61s, prev-cpu=-1.000s, current-cpu=42.650s" date="2025-10-25T09:01:28.535" /><!-- duration: 239ms -->
              </step><!-- duration: 277663ms -->
              <step title="Using PythonDeploymentLogParser" date="2025-10-25T09:01:37.824" /><!-- duration: 27ms -->
              <step title="Triggering recycle (preview mode disabled)." date="2025-10-25T09:01:40.695" /><!-- duration: 51ms -->
              <step title="Modified file to trigger a restart of the app container." date="2025-10-25T09:01:40.862" /><!-- duration: 41ms -->
              <step title="Skip function trigger and logicapp sync because function is not enabled." date="2025-10-25T09:01:41.038" /><!-- duration: 65ms -->
              <step title="Purge deployment items" date="2025-10-25T09:01:44.792" >
                <step title="Remove fbeb2dfd-, Success, received at 10/21/2025 14:09:55" date="2025-10-25T09:01:45.419" /><!-- duration: 20ms -->
              </step><!-- duration: 693ms -->
            </step><!-- duration: 287371ms -->
          </step><!-- duration: 287639ms -->
          <step title="Cleaning up temp files" date="2025-10-25T09:01:45.929" /><!-- duration: 13122ms -->
          <step title="Cleaning up temp files" date="2025-10-25T09:01:59.061" /><!-- duration: 584ms -->
          <step title="Reloading status file with latest updates" date="2025-10-25T09:01:59.759" >
            <step title="WebHooksManager.PublishEventAsync: PostDeployment" date="2025-10-25T09:01:59.771" /><!-- duration: 393ms -->
          </step><!-- duration: 418ms -->
          <step title="Cleaning up temporary deployment - fetch deployment was successful" date="2025-10-25T09:02:00.222" /><!-- duration: 11ms -->
        </step><!-- duration: 302293ms -->
      </step><!-- duration: 304365ms -->
