<step title="Incoming Request" date="2025-10-27T08:49:53.512" instance="10ec71" url="/api/deployments/latest?deployer=GITHUB_ZIP_DEPLOY&amp;time=2025-10-27_08-45-48Z" method="GET" type="request" pid="768,1,34" Host="my-chatbot-app-73d666.scm.azurewebsites.net" User-Agent="GITHUBACTIONS_DeployWebAppToAzure_85e925cbb3527f6e73709cfc8dc979b310564ece25674b3756f31c5ffd3a2f78" Authorization="Bea..." Content-Type="application/json; charset=utf-8" Cookie="ARRAffinity=10ec71252d15acc549bd1b49685e9bce1d1247141bf9ff915402b1130345f15b;Path=/;HttpOnly;Secure;Domain=my-chatbot-app-73d666.scm.azurewebsites.net; ARRAffinitySameSite=10ec71252d15acc549bd1b49685e9bce1d1247141bf9ff915402b1130345f15b;Path=/;HttpOnly;SameSite=None;Secure;Domain=my-chatbot-app-73d666.scm.azurewebsites.net" Content-Length="0" X-ARR-LOG-ID="0f6717b8-d8fd-4ff5-838d-8f8b04fb58eb" CLIENT-IP="172.182.212.57:12360" X-SITE-DEPLOYMENT-ID="my-chatbot-app-73d666" WAS-DEFAULT-HOSTNAME="my-chatbot-app-73d666.scm.azurewebsites.net" X-Forwarded-Proto="https" X-AppService-Proto="https" X-Forwarded-TlsVersion="1.3" X-WAWS-Unencoded-URL="/api/deployments/latest?deployer=GITHUB_ZIP_DEPLOY&amp;time=2025-10-27_08-45-48Z" X-Client-IP="172.182.212.57" X-Client-Port="12360" >
  <step title="Cleanup Xml Logs" date="2025-10-27T08:49:53.521" >
    <step title="Cleanup Infos" date="2025-10-27T08:49:53.548" totalFiles="443" totalCleanup="283" /><!-- duration: 8ms -->
  </step><!-- duration: 45ms -->
  <step title="DeploymentService.GetResult" date="2025-10-27T08:49:53.578" >
    <step title="DeploymentService.GetLatestDeployment" date="2025-10-27T08:49:53.585" >
      <step title="DeploymentManager.GetResults" date="2025-10-27T08:49:53.594" /><!-- duration: 1011ms -->
    </step><!-- duration: 1030ms -->
  </step><!-- duration: 1041ms -->
  <step title="Outgoing response" date="2025-10-27T08:49:54.631" type="response" statusCode="202" statusText="Accepted" /><!-- duration: 5ms -->
</step><!-- duration: 1138ms -->
