<step title="BackgroundTrace" date="2025-10-22T04:55:46.251" instance="10ec71" url="/api/zipdeploy" method="POST" >
  <step title="Creating temporary deployment - FetchDeploymentManager" date="2025-10-22T04:55:46.498" /><!-- duration: 3ms -->
  <step title="Creating temporary deployment" date="2025-10-22T04:55:46.512" /><!-- duration: 89ms -->
  <step title="Performing fetch based deployment" date="2025-10-22T04:55:46.705" >
    <step title="Cleaning up temp folders from previous zip deployments and extracting pushed zip file /tmp/zipdeploy/31af8dd0-fabc-45cf-9231-8d68cbe92a94.zip (0.03 MB) to /tmp/zipdeploy/extracted" date="2025-10-22T04:55:48.103" >
      <step title="ChmodRecursive Process exited with total time taken in ms: 189" date="2025-10-22T04:55:48.501" /><!-- duration: 7ms -->
    </step><!-- duration: 415ms -->
    <step title="Deployment timer started" date="2025-10-22T04:55:50.553" >
      <step title="DeploymentManager.Deploy(id:c9828eae-6c5a-4a11-a264-ba83bbaf3276)" date="2025-10-22T04:55:50.572" >
        <step title="Collecting changeset information" date="2025-10-22T04:55:50.627" /><!-- duration: 154ms -->
        <step title="Updating submodules" date="2025-10-22T04:55:50.813" /><!-- duration: 1333ms -->
        <step title="Determining deployment builder" date="2025-10-22T04:55:52.615" >
          <step title="Builder is OryxBuilder" date="2025-10-22T04:55:52.648" /><!-- duration: 5ms -->
        </step><!-- duration: 48ms -->
        <step title="PreDeployment: context.CleanOutputPath False" date="2025-10-22T04:55:52.773" >
          <step title="PreDeployment: context.OutputPath /home/site/wwwroot" date="2025-10-22T04:55:52.958" >
            <step title="Building" date="2025-10-22T04:55:53.178" >
              <step title="Executing external process" date="2025-10-22T04:55:53.758" type="process" path="bash" arguments="-c &quot;oryx build /tmp/zipdeploy/extracted -o /home/site/wwwroot --platform python --platform-version 3.10 -p virtualenv_name=antenv --log-file /tmp/build-debug.log  -i /tmp/8de1127470f907b --compress-destination-dir | tee /tmp/oryx-build.log ; exit $PIPESTATUS &quot;" >
                <step title="Cpu: python(12413,34.920s)+ts(12414,0.160s)+build.sh(12411,0.000s)+build.sh(12410,0.000s)+build.sh(12324,0.050s)+oryx(12304,3.410s)+tee(12305,0.000s)+bash(12303,0.000s)=total(38.530s)" date="2025-10-22T04:57:22.702" /><!-- duration: 85ms -->
                <step title="bash: no io activity for 60s, prev-cpu=-1.000s, current-cpu=38.530s" date="2025-10-22T04:57:22.877" /><!-- duration: 28ms -->
                <step title="Cpu: python(12413,68.810s)+ts(12414,0.160s)+build.sh(12411,0.000s)+build.sh(12410,0.000s)+build.sh(12324,0.060s)+oryx(12304,3.700s)+tee(12305,0.000s)+bash(12303,0.000s)=total(72.720s)" date="2025-10-22T04:58:23.459" /><!-- duration: 20ms -->
                <step title="bash: no io activity for 121s, prev-cpu=38.530s, current-cpu=72.720s" date="2025-10-22T04:58:23.516" /><!-- duration: 11ms -->
                <step title="Cpu: gzip(12503,35.820s)+sh(12502,0.000s)+tar(12501,3.150s)+build.sh(12324,0.090s)+oryx(12304,4.760s)+tee(12305,0.000s)+bash(12303,0.000s)=total(43.820s)" date="2025-10-22T05:00:17.942" /><!-- duration: 41ms -->
                <step title="bash: no io activity for 60s, prev-cpu=-1.000s, current-cpu=43.820s" date="2025-10-22T05:00:17.992" /><!-- duration: 19ms -->
              </step><!-- duration: 266772ms -->
              <step title="Using PythonDeploymentLogParser" date="2025-10-22T05:00:21.117" /><!-- duration: 5ms -->
              <step title="Triggering recycle (preview mode disabled)." date="2025-10-22T05:00:23.595" /><!-- duration: 14ms -->
              <step title="Modified file to trigger a restart of the app container." date="2025-10-22T05:00:23.679" /><!-- duration: 7ms -->
              <step title="Skip function trigger and logicapp sync because function is not enabled." date="2025-10-22T05:00:23.723" /><!-- duration: 14ms -->
            </step><!-- duration: 272152ms -->
          </step><!-- duration: 272386ms -->
          <step title="Cleaning up temp files" date="2025-10-22T05:00:25.352" /><!-- duration: 3146ms -->
          <step title="Cleaning up temp files" date="2025-10-22T05:00:28.504" /><!-- duration: 508ms -->
          <step title="Reloading status file with latest updates" date="2025-10-22T05:00:29.059" >
            <step title="WebHooksManager.PublishEventAsync: PostDeployment" date="2025-10-22T05:00:29.076" /><!-- duration: 52ms -->
          </step><!-- duration: 83ms -->
          <step title="Cleaning up temporary deployment - fetch deployment was successful" date="2025-10-22T05:00:29.159" /><!-- duration: 8ms -->
        </step><!-- duration: 276492ms -->
      </step><!-- duration: 278733ms -->
