<step title="Incoming Request" date="2025-10-26T09:34:26.101" instance="10ec71" url="/api/zipdeploy?isAsync=true" method="POST" type="request" pid="768,1,32" Accept="*/*" Host="my-chatbot-app-73d666.scm.azurewebsites.net" User-Agent="AZURECLI/2.77.0 (MSI)" Accept-Encoding="gzip, deflate" Authorization="Bas..." Cache-Control="no-cache" Content-Type="application/octet-stream" Content-Length="3793" x-ms-client-request-id="ea9867c1-b24e-11f0-8995-1cce519a4abb" x-ms-artifact-checksum="668a3b99931074583abdde2a892ae3f239fdab7174d0acb8ce94cd7316c4ef48" X-ARR-LOG-ID="ea9867c1-b24e-11f0-8995-1cce519a4abb" CLIENT-IP="149.22.84.168:33646" X-SITE-DEPLOYMENT-ID="my-chatbot-app-73d666" WAS-DEFAULT-HOSTNAME="my-chatbot-app-73d666.scm.azurewebsites.net" X-Forwarded-Proto="https" X-AppService-Proto="https" X-Forwarded-TlsVersion="1.3" X-WAWS-Unencoded-URL="/api/zipdeploy?isAsync=true" X-Client-IP="149.22.84.168" X-Client-Port="33646" >
  <step title="Cleanup Xml Logs" date="2025-10-26T09:34:26.107" >
    <step title="Cleanup Infos" date="2025-10-26T09:34:26.151" totalFiles="345" totalCleanup="185" /><!-- duration: 16ms -->
  </step><!-- duration: 70ms -->
  <step title="ZipPushDeploy" date="2025-10-26T09:34:26.206" >
    <step title="ZipDeploy. Extract zip. Remote build." date="2025-10-26T09:34:26.222" /><!-- duration: 5ms -->
    <step title="Starting PushDeployAsync" date="2025-10-26T09:34:26.241" /><!-- duration: 8ms -->
    <step title="Writing artifact to /tmp/zipdeploy/0c7e5b2b-36e1-45b3-89ea-0cfc58280c21.zip" date="2025-10-26T09:34:26.300" >
      <step title="Writing multipart request body to /tmp/zipdeploy/0c7e5b2b-36e1-45b3-89ea-0cfc58280c21.zip" date="2025-10-26T09:34:26.319" /><!-- duration: 5ms -->
    </step><!-- duration: 103ms -->
    <step title="Removing previous build artifact&apos;s manifest file" date="2025-10-26T09:34:26.411" >
      <step title="Start deployment in the background" date="2025-10-26T09:34:26.431" >
        <step title="Acquiring Deployment Lock" date="2025-10-26T09:34:26.458" /><!-- duration: 6ms -->
        <step title="Acquired Deployment Lock" date="2025-10-26T09:34:26.503" /><!-- duration: 7ms -->
      </step><!-- duration: 223ms -->
    </step><!-- duration: 303ms -->
    <step title="Outgoing response" date="2025-10-26T09:34:26.723" type="response" statusCode="202" statusText="Accepted" /><!-- duration: 5ms -->
  </step><!-- duration: 526ms -->
