<step title="Incoming Request" date="2025-10-21T13:50:09.568" instance="10ec71" url="/api/zipdeploy?isAsync=true" method="POST" type="request" pid="770,1,29" Accept="*/*" Host="my-chatbot-app-73d666.scm.azurewebsites.net" User-Agent="AZURECLI/2.77.0 (MSI)" Accept-Encoding="gzip, deflate" Authorization="Bas..." Cache-Control="no-cache" Content-Type="application/octet-stream" Content-Length="36909" x-ms-client-request-id="d1c36d61-ae84-11f0-b425-30138bc23e6b" x-ms-artifact-checksum="730c615c6753fa65a5c5a35da0806916919a07f3c1feb60ed439c51352ab9285" X-ARR-LOG-ID="d1c36d61-ae84-11f0-b425-30138bc23e6b" CLIENT-IP="117.250.76.240:49433" X-SITE-DEPLOYMENT-ID="my-chatbot-app-73d666" WAS-DEFAULT-HOSTNAME="my-chatbot-app-73d666.scm.azurewebsites.net" X-Forwarded-Proto="https" X-AppService-Proto="https" X-Forwarded-TlsVersion="1.3" X-WAWS-Unencoded-URL="/api/zipdeploy?isAsync=true" X-Client-IP="117.250.76.240" X-Client-Port="49433" >
  <step title="Cleanup Xml Logs" date="2025-10-21T13:50:09.602" /><!-- duration: 40ms -->
  <step title="ZipPushDeploy" date="2025-10-21T13:50:09.858" >
    <step title="ZipDeploy. Extract zip. Remote build." date="2025-10-21T13:50:09.881" /><!-- duration: 10ms -->
    <step title="Starting PushDeployAsync" date="2025-10-21T13:50:09.908" /><!-- duration: 4ms -->
    <step title="Writing artifact to /tmp/zipdeploy/a17c3e1d-f577-47f8-9a99-ed9211c8f827.zip" date="2025-10-21T13:50:09.941" >
      <step title="Writing multipart request body to /tmp/zipdeploy/a17c3e1d-f577-47f8-9a99-ed9211c8f827.zip" date="2025-10-21T13:50:09.949" /><!-- duration: 11ms -->
    </step><!-- duration: 148ms -->
    <step title="Removing previous build artifact&apos;s manifest file" date="2025-10-21T13:50:10.097" >
      <step title="Start deployment in the background" date="2025-10-21T13:50:10.123" >
        <step title="Acquiring Deployment Lock" date="2025-10-21T13:50:10.167" /><!-- duration: 5ms -->
        <step title="Acquired Deployment Lock" date="2025-10-21T13:50:10.238" /><!-- duration: 5ms -->
      </step><!-- duration: 320ms -->
    </step><!-- duration: 377ms -->
    <step title="Outgoing response" date="2025-10-21T13:50:10.501" type="response" statusCode="202" statusText="Accepted" /><!-- duration: 6ms -->
  </step><!-- duration: 653ms -->
