<step title="Incoming Request" date="2025-10-27T06:15:35.756" instance="10ec71" url="/api/zipdeploy?isAsync=true" method="POST" type="request" pid="772,1,46" Accept="*/*" Host="my-chatbot-app-73d666.scm.azurewebsites.net" User-Agent="AZURECLI/2.77.0 (MSI)" Accept-Encoding="gzip, deflate" Authorization="Bas..." Cache-Control="no-cache" Content-Type="application/octet-stream" Content-Length="222916" x-ms-client-request-id="4920f3c9-b2fc-11f0-bd3b-1cce519a4abb" x-ms-artifact-checksum="19f5b58167077013923985278f9d2b049f8df63f013b6139dec6fc7b26daadcc" X-ARR-LOG-ID="4920f3c9-b2fc-11f0-bd3b-1cce519a4abb" CLIENT-IP="117.250.76.240:32867" X-SITE-DEPLOYMENT-ID="my-chatbot-app-73d666" WAS-DEFAULT-HOSTNAME="my-chatbot-app-73d666.scm.azurewebsites.net" X-Forwarded-Proto="https" X-AppService-Proto="https" X-Forwarded-TlsVersion="1.3" X-WAWS-Unencoded-URL="/api/zipdeploy?isAsync=true" X-Client-IP="117.250.76.240" X-Client-Port="32867" >
  <step title="Cleanup Xml Logs" date="2025-10-27T06:15:35.766" >
    <step title="Cleanup Infos" date="2025-10-27T06:15:35.834" totalFiles="387" totalCleanup="227" /><!-- duration: 12ms -->
  </step><!-- duration: 89ms -->
  <step title="ZipPushDeploy" date="2025-10-27T06:15:35.939" >
    <step title="ZipDeploy. Extract zip. Remote build." date="2025-10-27T06:15:35.959" /><!-- duration: 9ms -->
    <step title="Starting PushDeployAsync" date="2025-10-27T06:15:36.006" /><!-- duration: 11ms -->
    <step title="Writing artifact to /tmp/zipdeploy/1c09005d-47b9-4b2a-b2d7-896b4112999a.zip" date="2025-10-27T06:15:36.046" >
      <step title="Writing multipart request body to /tmp/zipdeploy/1c09005d-47b9-4b2a-b2d7-896b4112999a.zip" date="2025-10-27T06:15:36.071" /><!-- duration: 19ms -->
    </step><!-- duration: 569ms -->
    <step title="Removing previous build artifact&apos;s manifest file" date="2025-10-27T06:15:36.623" >
      <step title="Start deployment in the background" date="2025-10-27T06:15:36.659" >
        <step title="Acquiring Deployment Lock" date="2025-10-27T06:15:36.719" /><!-- duration: 9ms -->
        <step title="Acquired Deployment Lock" date="2025-10-27T06:15:36.787" /><!-- duration: 19ms -->
      </step><!-- duration: 294ms -->
    </step><!-- duration: 353ms -->
    <step title="Outgoing response" date="2025-10-27T06:15:36.983" type="response" statusCode="202" statusText="Accepted" /><!-- duration: 8ms -->
  </step><!-- duration: 1055ms -->
