<step title="BackgroundTrace" date="2025-10-27T06:22:52.711" instance="10ec71" url="/api/zipdeploy" method="POST" >
  <step title="Cleanup Xml Logs" date="2025-10-27T06:22:52.722" >
    <step title="Cleanup Infos" date="2025-10-27T06:22:52.767" totalFiles="396" totalCleanup="236" /><!-- duration: 30ms -->
  </step><!-- duration: 93ms -->
  <step title="Creating temporary deployment - FetchDeploymentManager" date="2025-10-27T06:22:53.692" /><!-- duration: 46ms -->
  <step title="Creating temporary deployment" date="2025-10-27T06:22:53.777" /><!-- duration: 300ms -->
  <step title="Performing fetch based deployment" date="2025-10-27T06:22:54.288" >
    <step title="Cleaning up temp folders from previous zip deployments and extracting pushed zip file /tmp/zipdeploy/8e6d0eb7-561f-421c-88d9-30d4d012506a.zip (0.21 MB) to /tmp/zipdeploy/extracted" date="2025-10-27T06:22:55.896" >
      <step title="ChmodRecursive Process exited with total time taken in ms: 147" date="2025-10-27T06:22:56.236" /><!-- duration: 37ms -->
    </step><!-- duration: 453ms -->
    <step title="Deployment timer started" date="2025-10-27T06:22:58.446" >
      <step title="DeploymentManager.Deploy(id:85421813-ff79-45ee-8e5c-3db8ab7df5f1)" date="2025-10-27T06:22:58.542" >
        <step title="Collecting changeset information" date="2025-10-27T06:22:58.665" /><!-- duration: 238ms -->
        <step title="Updating submodules" date="2025-10-27T06:22:58.951" /><!-- duration: 2001ms -->
        <step title="Determining deployment builder" date="2025-10-27T06:23:01.794" >
          <step title="Builder is OryxBuilder" date="2025-10-27T06:23:02.089" /><!-- duration: 32ms -->
        </step><!-- duration: 346ms -->
        <step title="PreDeployment: context.CleanOutputPath False" date="2025-10-27T06:23:02.554" >
          <step title="PreDeployment: context.OutputPath /home/site/wwwroot" date="2025-10-27T06:23:02.929" >
            <step title="Building" date="2025-10-27T06:23:03.521" >
              <step title="Executing external process" date="2025-10-27T06:23:06.999" type="process" path="bash" arguments="-c &quot;oryx build /tmp/zipdeploy/extracted -o /home/site/wwwroot --platform python --platform-version 3.10 -p virtualenv_name=antenv --log-file /tmp/build-debug.log  -i /tmp/8de1521483312e4 --compress-destination-dir | tee /tmp/oryx-build.log ; exit $PIPESTATUS &quot;" 