<step title="Incoming Request" date="2025-10-27T08:46:54.416" instance="10ec71" url="/api/deployments/latest?deployer=GITHUB_ZIP_DEPLOY&amp;time=2025-10-27_08-45-48Z" method="GET" type="request" pid="768,1,40" Host="my-chatbot-app-73d666.scm.azurewebsites.net" User-Agent="GITHUBACTIONS_DeployWebAppToAzure_85e925cbb3527f6e73709cfc8dc979b310564ece25674b3756f31c5ffd3a2f78" Authorization="Bea..." Content-Type="application/json; charset=utf-8" Cookie="ARRAffinity=10ec71252d15acc549bd1b49685e9bce1d1247141bf9ff915402b1130345f15b;Path=/;HttpOnly;Secure;Domain=my-chatbot-app-73d666.scm.azurewebsites.net; ARRAffinitySameSite=10ec71252d15acc549bd1b49685e9bce1d1247141bf9ff915402b1130345f15b;Path=/;HttpOnly;SameSite=None;Secure;Domain=my-chatbot-app-73d666.scm.azurewebsites.net" Content-Length="0" X-ARR-LOG-ID="fcebf74b-9b78-4058-b709-b1162f7d76c8" CLIENT-IP="172.182.212.57:12360" X-SITE-DEPLOYMENT-ID="my-chatbot-app-73d666" WAS-DEFAULT-HOSTNAME="my-chatbot-app-73d666.scm.azurewebsites.net" X-Forwarded-Proto="https" X-AppService-Proto="https" X-Forwarded-TlsVersion="1.3" X-WAWS-Unencoded-URL="/api/deployments/latest?deployer=GITHUB_ZIP_DEPLOY&amp;time=2025-10-27_08-45-48Z" X-Client-IP="172.182.212.57" X-Client-Port="12360" >
  <step title="Cleanup Xml Logs" date="2025-10-27T08:46:54.429" >
    <step title="Cleanup Infos" date="2025-10-27T08:46:54.486" totalFiles="419" totalCleanup="259" /><!-- duration: 19ms -->
  </step><!-- duration: 86ms -->
  <step title="DeploymentService.GetResult" date="2025-10-27T08:46:54.550" >
    <step title="DeploymentService.GetLatestDeployment" date="2025-10-27T08:46:54.562" >
      <step title="DeploymentManager.GetResults" date="2025-10-27T08:46:54.579" /><!-- duration: 1320ms -->
    </step><!-- duration: 1359ms -->
  </step><!-- duration: 1380ms -->
  <step title="Outgoing response" date="2025-10-27T08:46:55.961" type="response" statusCode="202" statusText="Accepted" /><!-- duration: 76ms -->
</step><!-- duration: 1660ms -->
