<step title="BackgroundTrace" date="2025-10-21T13:31:51.019" instance="10ec71" url="/api/zipdeploy" method="POST" >
  <step title="Creating temporary deployment - FetchDeploymentManager" date="2025-10-21T13:31:51.104" /><!-- duration: 3ms -->
  <step title="Creating temporary deployment" date="2025-10-21T13:31:51.113" /><!-- duration: 81ms -->
  <step title="Performing fetch based deployment" date="2025-10-21T13:31:51.362" >
    <step title="Cleaning up temp folders from previous zip deployments and extracting pushed zip file /tmp/zipdeploy/93d91aa4-d2ce-449d-8073-4d0a3918eae0.zip (0.18 MB) to /tmp/zipdeploy/extracted" date="2025-10-21T13:31:52.595" >
      <step title="ChmodRecursive Process exited with total time taken in ms: 104" date="2025-10-21T13:31:52.861" /><!-- duration: 10ms -->
    </step><!-- duration: 283ms -->
    <step title="Deployment timer started" date="2025-10-21T13:31:54.927" >
      <step title="DeploymentManager.Deploy(id:bb55059b-90f3-4ee1-b592-18b897a042d7)" date="2025-10-21T13:31:54.939" >
        <step title="Collecting changeset information" date="2025-10-21T13:31:54.974" /><!-- duration: 127ms -->
        <step title="Updating submodules" date="2025-10-21T13:31:55.108" /><!-- duration: 1148ms -->
        <step title="Determining deployment builder" date="2025-10-21T13:31:56.514" >
          <step title="Builder is OryxBuilder" date="2025-10-21T13:31:56.544" /><!-- duration: 5ms -->
        </step><!-- duration: 40ms -->
        <step title="PreDeployment: context.CleanOutputPath False" date="2025-10-21T13:31:56.624" >
          <step title="PreDeployment: context.OutputPath /home/site/wwwroot" date="2025-10-21T13:31:56.781" >
            <step title="Building" date="2025-10-21T13:31:56.949" >
              <step title="Executing external process" date="2025-10-21T13:31:57.366" type="process" path="bash" arguments="-c &quot;oryx build /tmp/zipdeploy/extracted -o /home/site/wwwroot --platform python --platform-version 3.10 -p virtualenv_name=antenv --log-file /tmp/build-debug.log  -i /tmp/8de10a6348f4f30 --compress-destination-dir | tee /tmp/oryx-build.log ; exit $PIPESTATUS &quot;" >
                <step title="Cpu: python(952,36.450s)+ts(953,0.120s)+build.sh(951,0.000s)+build.sh(950,0.000s)+build.sh(830,0.090s)+oryx(810,4.750s)+tee(811,0.000s)+bash(808,0.000s)=total(41.390s)" date="2025-10-21T13:34:17.399" /><!-- duration: 19ms -->
                <step title="bash: no io activity for 61s, prev-cpu=-1.000s, current-cpu=41.390s" date="2025-10-21T13:34:17.436" /><!-- duration: 48ms -->
                <step title="Cpu: gzip(1054,24.540s)+sh(1051,0.000s)+tar(1050,2.940s)+build.sh(830,0.110s)+oryx(810,6.200s)+tee(811,0.000s)+bash(808,0.000s)=total(33.710s)" date="2025-10-21T13:36:43.282" /><!-- duration: 133ms -->
                <step title="bash: no io activity for 60s, prev-cpu=-1.000s, current-cpu=33.710s" date="2025-10-21T13:36:43.509" /><!-- duration: 28ms -->
              </step><!-- duration: 316415ms -->
              <step title="Using PythonDeploymentLogParser" date="2025-10-21T13:37:15.078" /><!-- duration: 12ms -->
              <step title="Triggering recycle (preview mode disabled)." date="2025-10-21T13:37:18.220" /><!-- duration: 25ms -->
              <step title="Modified file to trigger a restart of the app container." date="2025-10-21T13:37:18.348" /><!-- duration: 11ms -->
              <step title="Skip function trigger and logicapp sync because function is not enabled." date="2025-10-21T13:37:18.507" /><!-- duration: 18ms -->
              <step title="Purge deployment items" date="2025-10-21T13:37:20.035" >
                <step title="Remove e2dec2c6-, Failed, received at 10/21/2025 13:30:38" date="2025-10-21T13:37:20.213" /><!-- duration: 10ms -->
                <step title="Remove temp-0535, Failed, received at 10/21/2025 13:30:32" date="2025-10-21T13:37:20.357" /><!-- duration: 18ms -->
              </step><!-- duration: 351ms -->
            </step><!-- duration: 323587ms -->
          </step><!-- duration: 323786ms -->
          <step title="Cleaning up temp files" date="2025-10-21T13:37:20.575" /><!-- duration: 18899ms -->
          <step title="Cleaning up temp files" date="2025-10-21T13:37:39.498" /><!-- duration: 579ms -->
          <step title="Reloading status file with latest updates" date="2025-10-21T13:37:40.174" >
            <step title="WebHooksManager.PublishEventAsync: PostDeployment" date="2025-10-21T13:37:40.192" /><!-- duration: 1404ms -->
          </step><!-- duration: 1451ms -->
          <step title="Cleaning up temporary deployment - fetch deployment was successful" date="2025-10-21T13:37:41.654" /><!-- duration: 10ms -->
        </step><!-- duration: 345166ms -->
      </step><!-- duration: 347004ms -->
