<step title="Incoming Request" date="2025-10-21T13:31:49.903" instance="10ec71" url="/api/zipdeploy?isAsync=true" method="POST" type="request" pid="770,1,7" Accept="*/*" Host="my-chatbot-app-73d666.scm.azurewebsites.net" User-Agent="AZURECLI/2.77.0 (MSI)" Accept-Encoding="gzip, deflate" Authorization="Bas..." Cache-Control="no-cache" Content-Type="application/octet-stream" Content-Length="189839" x-ms-client-request-id="3f8b0919-ae82-11f0-a771-30138bc23e6b" x-ms-artifact-checksum="ac67a33eda5929c4c48cb89b9daa4df60b8cc3e305c1095f47c6b28ce7c4d7c3" X-ARR-LOG-ID="3f8b0919-ae82-11f0-a771-30138bc23e6b" CLIENT-IP="117.250.76.240:15095" X-SITE-DEPLOYMENT-ID="my-chatbot-app-73d666" WAS-DEFAULT-HOSTNAME="my-chatbot-app-73d666.scm.azurewebsites.net" X-Forwarded-Proto="https" X-AppService-Proto="https" X-Forwarded-TlsVersion="1.3" X-WAWS-Unencoded-URL="/api/zipdeploy?isAsync=true" X-Client-IP="117.250.76.240" X-Client-Port="15095" >
  <step title="Cleanup Xml Logs" date="2025-10-21T13:31:49.910" /><!-- duration: 8ms -->
  <step title="ZipPushDeploy" date="2025-10-21T13:31:49.967" >
    <step title="ZipDeploy. Extract zip. Remote build." date="2025-10-21T13:31:49.994" /><!-- duration: 4ms -->
    <step title="None repository commit" date="2025-10-21T13:31:50.005" >
      <step title="Commit id: bb55059b-90f3-4ee1-b592-18b897a042d7" date="2025-10-21T13:31:50.009" Message="N/A" AuthorName="N/A" AuthorEmail="N/A" /><!-- duration: 4ms -->
    </step><!-- duration: 11ms -->
    <step title="Starting PushDeployAsync" date="2025-10-21T13:31:50.023" /><!-- duration: 5ms -->
    <step title="Writing artifact to /tmp/zipdeploy/93d91aa4-d2ce-449d-8073-4d0a3918eae0.zip" date="2025-10-21T13:31:50.063" >
      <step title="Writing multipart request body to /tmp/zipdeploy/93d91aa4-d2ce-449d-8073-4d0a3918eae0.zip" date="2025-10-21T13:31:50.069" /><!-- duration: 5ms -->
    </step><!-- duration: 919ms -->
    <step title="Start deployment in the background" date="2025-10-21T13:31:51.014" >
      <step title="Acquiring Deployment Lock" date="2025-10-21T13:31:51.061" /><!-- duration: 4ms -->
      <step title="Acquired Deployment Lock" date="2025-10-21T13:31:51.097" /><!-- duration: 3ms -->
    </step><!-- duration: 186ms -->
  </step><!-- duration: 1246ms -->
  <step title="Outgoing response" date="2025-10-21T13:31:51.289" type="response" statusCode="202" statusText="Accepted" /><!-- duration: 20ms -->
</step><!-- duration: 1422ms -->
