<step title="Incoming Request" date="2025-10-26T08:24:32.164" instance="10ec71" url="/api/zipdeploy?isAsync=true" method="POST" type="request" pid="768,1,3" Accept="*/*" Host="my-chatbot-app-73d666.scm.azurewebsites.net" User-Agent="AZURECLI/2.77.0 (MSI)" Accept-Encoding="gzip, deflate" Authorization="Bas..." Cache-Control="no-cache" Content-Type="application/octet-stream" Content-Length="301912" x-ms-client-request-id="29353f97-b245-11f0-8183-1cce519a4abb" x-ms-artifact-checksum="78a18450738f22a3985f391f07565dd7821a64272a75909e8a71b1d9eb551420" X-ARR-LOG-ID="29353f97-b245-11f0-8183-1cce519a4abb" CLIENT-IP="149.22.84.168:46817" X-SITE-DEPLOYMENT-ID="my-chatbot-app-73d666" WAS-DEFAULT-HOSTNAME="my-chatbot-app-73d666.scm.azurewebsites.net" X-Forwarded-Proto="https" X-AppService-Proto="https" X-Forwarded-TlsVersion="1.3" X-WAWS-Unencoded-URL="/api/zipdeploy?isAsync=true" X-Client-IP="149.22.84.168" X-Client-Port="46817" >
  <step title="Cleanup Xml Logs" date="2025-10-26T08:24:32.201" >
    <step title="Cleanup Infos" date="2025-10-26T08:24:32.213" totalFiles="269" totalCleanup="109" /><!-- duration: 11ms -->
  </step><!-- duration: 28ms -->
  <step title="ZipPushDeploy" date="2025-10-26T08:24:32.989" >
    <step title="ZipDeploy. Extract zip. Remote build." date="2025-10-26T08:24:33.044" /><!-- duration: 8ms -->
    <step title="None repository commit" date="2025-10-26T08:24:33.070" >
      <step title="Commit id: ac92d18d-c5ac-4f38-bced-ed8841ea15a4" date="2025-10-26T08:24:33.076" Message="N/A" AuthorName="N/A" AuthorEmail="N/A" /><!-- duration: 4ms -->
    </step><!-- duration: 15ms -->
    <step title="Starting PushDeployAsync" date="2025-10-26T08:24:33.090" /><!-- duration: 4ms -->
    <step title="Writing artifact to /tmp/zipdeploy/37e7bd6d-7d28-4786-9961-6e93e64e82e4.zip" date="2025-10-26T08:24:33.128" >
      <step title="Writing multipart request body to /tmp/zipdeploy/37e7bd6d-7d28-4786-9961-6e93e64e82e4.zip" date="2025-10-26T08:24:33.154" /><!-- duration: 37ms -->
    </step><!-- duration: 245ms -->
    <step title="Removing previous build artifact&apos;s manifest file" date="2025-10-26T08:24:33.392" >
      <step title="Start deployment in the background" date="2025-10-26T08:24:33.427" >
        <step title="Acquiring Deployment Lock" date="2025-10-26T08:24:33.468" /><!-- duration: 8ms -->
        <step title="Acquired Deployment Lock" date="2025-10-26T08:24:33.548" /><!-- duration: 9ms -->
      </step><!-- duration: 287ms -->
    </step><!-- duration: 335ms -->
    <step title="Outgoing response" date="2025-10-26T08:24:33.748" type="response" statusCode="202" statusText="Accepted" /><!-- duration: 15ms -->
  </step><!-- duration: 780ms -->
