<step title="Incoming Request" date="2025-10-25T11:19:27.589" instance="10ec71" url="/api/deployments/latest" method="GET" type="request" pid="768,1,35" Accept="*/*" Host="my-chatbot-app-73d666.scm.azurewebsites.net" User-Agent="AZURECLI/2.77.0 (MSI)" Accept-Encoding="gzip, deflate" Authorization="Bas..." x-ms-client-request-id="6bc72ce3-b194-11f0-9f37-1cce519a4abb" X-ARR-LOG-ID="6bc72ce3-b194-11f0-9f37-1cce519a4abb" CLIENT-IP="117.250.76.240:17720" X-SITE-DEPLOYMENT-ID="my-chatbot-app-73d666" WAS-DEFAULT-HOSTNAME="my-chatbot-app-73d666.scm.azurewebsites.net" X-Forwarded-Proto="https" X-AppService-Proto="https" X-Forwarded-TlsVersion="1.3" X-WAWS-Unencoded-URL="/api/deployments/latest" X-Client-IP="117.250.76.240" X-Client-Port="17720" >
  <step title="Cleanup Xml Logs" date="2025-10-25T11:19:27.606" >
    <step title="Cleanup Infos" date="2025-10-25T11:19:27.619" totalFiles="240" totalCleanup="80" /><!-- duration: 7ms -->
  </step><!-- duration: 24ms -->
  <step title="DeploymentService.GetResult" date="2025-10-25T11:19:27.639" >
    <step title="DeploymentService.GetLatestDeployment" date="2025-10-25T11:19:27.644" >
      <step title="DeploymentManager.GetResults" date="2025-10-25T11:19:27.648" /><!-- duration: 688ms -->
    </step><!-- duration: 696ms -->
  </step><!-- duration: 705ms -->
  <step title="Outgoing response" date="2025-10-25T11:19:28.351" type="response" statusCode="202" statusText="Accepted" /><!-- duration: 4ms -->
</step><!-- duration: 771ms -->
