<step title="Incoming Request" date="2025-10-26T08:39:50.272" instance="10ec71" url="/api/zipdeploy?isAsync=true" method="POST" type="request" pid="768,1,33" Accept="*/*" Host="my-chatbot-app-73d666.scm.azurewebsites.net" User-Agent="AZURECLI/2.77.0 (MSI)" Accept-Encoding="gzip, deflate" Authorization="Bas..." Cache-Control="no-cache" Content-Type="application/octet-stream" Content-Length="301744" x-ms-client-request-id="4b4c555f-b247-11f0-8c38-1cce519a4abb" x-ms-artifact-checksum="16a473571eec61b7b2af73665e081ac532710765f6fe63979f4d75ba635df725" X-ARR-LOG-ID="4b4c555f-b247-11f0-8c38-1cce519a4abb" CLIENT-IP="149.22.84.168:6851" X-SITE-DEPLOYMENT-ID="my-chatbot-app-73d666" WAS-DEFAULT-HOSTNAME="my-chatbot-app-73d666.scm.azurewebsites.net" X-Forwarded-Proto="https" X-AppService-Proto="https" X-Forwarded-TlsVersion="1.3" X-WAWS-Unencoded-URL="/api/zipdeploy?isAsync=true" X-Client-IP="149.22.84.168" X-Client-Port="6851" >
  <step title="Cleanup Xml Logs" date="2025-10-26T08:39:50.342" >
    <step title="Cleanup Infos" date="2025-10-26T08:39:50.392" totalFiles="287" totalCleanup="127" /><!-- duration: 60ms -->
  </step><!-- duration: 125ms -->
  <step title="ZipPushDeploy" date="2025-10-26T08:39:50.737" >
    <step title="ZipDeploy. Extract zip. Remote build." date="2025-10-26T08:39:50.777" /><!-- duration: 6ms -->
    <step title="Starting PushDeployAsync" date="2025-10-26T08:39:50.796" /><!-- duration: 7ms -->
    <step title="Writing artifact to /tmp/zipdeploy/3f5c0d89-ddec-49f0-a556-c289df6c8b1e.zip" date="2025-10-26T08:39:50.845" >
      <step title="Writing multipart request body to /tmp/zipdeploy/3f5c0d89-ddec-49f0-a556-c289df6c8b1e.zip" date="2025-10-26T08:39:50.853" /><!-- duration: 8ms -->
    </step><!-- duration: 248ms -->
    <step title="Removing previous build artifact&apos;s manifest file" date="2025-10-26T08:39:51.103" >
      <step title="Start deployment in the background" date="2025-10-26T08:39:51.166" >
        <step title="Acquiring Deployment Lock" date="2025-10-26T08:39:51.206" /><!-- duration: 5ms -->
        <step title="Acquired Deployment Lock" date="2025-10-26T08:39:51.285" /><!-- duration: 6ms -->
      </step><!-- duration: 303ms -->
    </step><!-- duration: 410ms -->
    <step title="Outgoing response" date="2025-10-26T08:39:51.531" type="response" statusCode="202" statusText="Accepted" /><!-- duration: 4ms -->
  </step><!-- duration: 801ms -->
