<step title="Incoming Request" date="2025-10-25T08:42:32.130" instance="10ec71" url="/api/zipdeploy?isAsync=true" method="POST" type="request" pid="770,1,40" Accept="*/*" Host="my-chatbot-app-73d666.scm.azurewebsites.net" User-Agent="AZURECLI/2.77.0 (MSI)" Accept-Encoding="gzip, deflate" Authorization="Bas..." Cache-Control="no-cache" Content-Type="application/octet-stream" Content-Length="295818" x-ms-client-request-id="8398c1d6-b17e-11f0-a311-1cce519a4abb" x-ms-artifact-checksum="39bc55ba08b0ca94645c129faba30c84a07157ae21baffbaa70eaece78b1626b" X-ARR-LOG-ID="8398c1d6-b17e-11f0-a311-1cce519a4abb" CLIENT-IP="117.250.76.240:11883" X-SITE-DEPLOYMENT-ID="my-chatbot-app-73d666" WAS-DEFAULT-HOSTNAME="my-chatbot-app-73d666.scm.azurewebsites.net" X-Forwarded-Proto="https" X-AppService-Proto="https" X-Forwarded-TlsVersion="1.3" X-WAWS-Unencoded-URL="/api/zipdeploy?isAsync=true" X-Client-IP="117.250.76.240" X-Client-Port="11883" >
  <step title="Cleanup Xml Logs" date="2025-10-25T08:42:32.142" /><!-- duration: 21ms -->
  <step title="ZipPushDeploy" date="2025-10-25T08:42:32.318" >
    <step title="ZipDeploy. Extract zip. Remote build." date="2025-10-25T08:42:32.334" /><!-- duration: 4ms -->
    <step title="Starting PushDeployAsync" date="2025-10-25T08:42:32.347" /><!-- duration: 3ms -->
    <step title="Writing artifact to /tmp/zipdeploy/0c6bca4e-d1a6-4d7e-8eb9-5624e9e8fe4d.zip" date="2025-10-25T08:42:32.431" >
      <step title="Writing multipart request body to /tmp/zipdeploy/0c6bca4e-d1a6-4d7e-8eb9-5624e9e8fe4d.zip" date="2025-10-25T08:42:32.456" /><!-- duration: 8ms -->
    </step><!-- duration: 1011ms -->
    <step title="Removing previous build artifact&apos;s manifest file" date="2025-10-25T08:42:33.492" >
      <step title="Start deployment in the background" date="2025-10-25T08:42:33.515" >
        <step title="Acquiring Deployment Lock" date="2025-10-25T08:42:33.671" /><!-- duration: 5ms -->
        <step title="Acquired Deployment Lock" date="2025-10-25T08:42:33.712" /><!-- duration: 5ms -->
      </step><!-- duration: 334ms -->
    </step><!-- duration: 420ms -->
    <step title="Outgoing response" date="2025-10-25T08:42:33.920" type="response" statusCode="202" statusText="Accepted" /><!-- duration: 4ms -->
  </step><!-- duration: 1609ms -->
