<step title="Incoming Request" date="2025-10-26T08:10:21.967" instance="10ec71" url="/api/deployments/latest" method="GET" type="request" pid="770,1,80" Accept="*/*" Host="my-chatbot-app-73d666.scm.azurewebsites.net" User-Agent="AZURECLI/2.77.0 (MSI)" Accept-Encoding="gzip, deflate" Authorization="Bas..." x-ms-client-request-id="191ae966-b243-11f0-bfe2-1cce519a4abb" X-ARR-LOG-ID="191ae966-b243-11f0-bfe2-1cce519a4abb" CLIENT-IP="149.22.84.168:1170" X-SITE-DEPLOYMENT-ID="my-chatbot-app-73d666" WAS-DEFAULT-HOSTNAME="my-chatbot-app-73d666.scm.azurewebsites.net" X-Forwarded-Proto="https" X-AppService-Proto="https" X-Forwarded-TlsVersion="1.3" X-WAWS-Unencoded-URL="/api/deployments/latest" X-Client-IP="149.22.84.168" X-Client-Port="1170" >
  <step title="Cleanup Xml Logs" date="2025-10-26T08:10:21.984" >
    <step title="Cleanup Infos" date="2025-10-26T08:10:22.101" totalFiles="264" totalCleanup="104" /><!-- duration: 41ms -->
  </step><!-- duration: 184ms -->
  <step title="DeploymentService.GetResult" date="2025-10-26T08:10:22.704" >
    <step title="DeploymentService.GetLatestDeployment" date="2025-10-26T08:10:22.713" >
      <step title="DeploymentManager.GetResults" date="2025-10-26T08:10:22.752" /><!-- duration: 3599ms -->
    </step><!-- duration: 3697ms -->
  </step><!-- duration: 3734ms -->
  <step title="Outgoing response" date="2025-10-26T08:10:26.517" type="response" statusCode="202" statusText="Accepted" /><!-- duration: 76ms -->
</step><!-- duration: 4682ms -->
