<step title="Incoming Request" date="2025-10-21T13:52:07.059" instance="10ec71" url="/api/publish?type=zip" method="POST" type="request" pid="770,1,31" Accept="*/*" Host="my-chatbot-app-73d666.scm.azurewebsites.net" User-Agent="AZURECLI/2.77.0 (MSI)" Accept-Encoding="gzip, deflate" Authorization="Bas..." Cache-Control="no-cache" Content-Type="application/octet-stream" Cookie="ARRAffinity=10ec71252d15acc549bd1b49685e9bce1d1247141bf9ff915402b1130345f15b; ARRAffinitySameSite=10ec71252d15acc549bd1b49685e9bce1d1247141bf9ff915402b1130345f15b" Content-Length="36909" x-ms-client-request-id="115392a9-ae85-11f0-b139-30138bc23e6b" x-ms-artifact-checksum="730c615c6753fa65a5c5a35da0806916919a07f3c1feb60ed439c51352ab9285" X-ARR-LOG-ID="115392a9-ae85-11f0-b139-30138bc23e6b" CLIENT-IP="117.250.76.240:32135" X-SITE-DEPLOYMENT-ID="my-chatbot-app-73d666" WAS-DEFAULT-HOSTNAME="my-chatbot-app-73d666.scm.azurewebsites.net" X-Forwarded-Proto="https" X-AppService-Proto="https" X-Forwarded-TlsVersion="1.3" X-WAWS-Unencoded-URL="/api/publish?type=zip" X-Client-IP="117.250.76.240" X-Client-Port="32135" >
  <step title="Cleanup Xml Logs" date="2025-10-21T13:52:07.085" /><!-- duration: 97ms -->
  <step title="OneDeploy" date="2025-10-21T13:52:08.053" >
    <step title="Starting PushDeployAsync" date="2025-10-21T13:52:08.149" /><!-- duration: 10ms -->
    <step title="Writing artifact to /tmp/zipdeploy/3479430a-4e72-473d-bc8c-c7bce5cd80fe.zip" date="2025-10-21T13:52:08.205" >
      <step title="Writing multipart request body to /tmp/zipdeploy/3479430a-4e72-473d-bc8c-c7bce5cd80fe.zip" date="2025-10-21T13:52:08.222" /><!-- duration: 12ms -->
    </step><!-- duration: 123ms -->
    <step title="Attempting to fetch target branch HEAD" date="2025-10-21T13:52:08.387" /><!-- duration: 19ms -->
    <step title="Acquiring Deployment Lock" date="2025-10-21T13:52:08.431" /><!-- duration: 20ms -->
    <step title="Cannot Acquire Deployment Lock already held" date="2025-10-21T13:52:08.471" /><!-- duration: 12ms -->
    <step title="There is a deployment currently in progress. Please try again when it completes." date="2025-10-21T13:52:08.522" /><!-- duration: 18ms -->
  </step><!-- duration: 503ms -->
  <step title="Outgoing response" date="2025-10-21T13:52:08.591" type="response" statusCode="409" statusText="Conflict" /><!-- duration: 4ms -->
</step><!-- duration: 1581ms -->
