<step title="Incoming Request" date="2025-10-21T13:30:29.879" instance="10ec71" url="/api/zipdeploy?isAsync=true" method="POST" type="request" pid="768,1,28" Accept="*/*" Host="my-chatbot-app-73d666.scm.azurewebsites.net" User-Agent="AZURECLI/2.77.0 (MSI)" Accept-Encoding="gzip, deflate" Authorization="Bas..." Cache-Control="no-cache" Content-Type="application/octet-stream" Content-Length="189232" x-ms-client-request-id="effb30c4-ae81-11f0-9ae0-30138bc23e6b" x-ms-artifact-checksum="595388b8237607ed86bae452f8e84660b47bc50cfdd05ef29b4c52bee5fc60e5" X-ARR-LOG-ID="effb30c4-ae81-11f0-9ae0-30138bc23e6b" CLIENT-IP="117.250.76.240:43633" X-SITE-DEPLOYMENT-ID="my-chatbot-app-73d666" WAS-DEFAULT-HOSTNAME="my-chatbot-app-73d666.scm.azurewebsites.net" X-Forwarded-Proto="https" X-AppService-Proto="https" X-Forwarded-TlsVersion="1.3" X-WAWS-Unencoded-URL="/api/zipdeploy?isAsync=true" X-Client-IP="117.250.76.240" X-Client-Port="43633" >
  <step title="Cleanup Xml Logs" date="2025-10-21T13:30:29.885" /><!-- duration: 28ms -->
  <step title="ZipPushDeploy" date="2025-10-21T13:30:30.977" >
    <step title="ZipDeploy. Extract zip. Remote build." date="2025-10-21T13:30:31.113" /><!-- duration: 16ms -->
    <step title="Starting PushDeployAsync" date="2025-10-21T13:30:31.177" /><!-- duration: 20ms -->
    <step title="Writing artifact to /tmp/zipdeploy/057f305c-3be5-4cc2-bc63-6630f75c4468.zip" date="2025-10-21T13:30:31.293" >
      <step title="Writing multipart request body to /tmp/zipdeploy/057f305c-3be5-4cc2-bc63-6630f75c4468.zip" date="2025-10-21T13:30:31.340" /><!-- duration: 26ms -->
    </step><!-- duration: 592ms -->
    <step title="Removing previous build artifact&apos;s manifest file" date="2025-10-21T13:30:31.922" >
      <step title="Start deployment in the background" date="2025-10-21T13:30:31.990" >
        <step title="Acquiring Deployment Lock" date="2025-10-21T13:30:32.513" /><!-- duration: 18ms -->
        <step title="Acquired Deployment Lock" date="2025-10-21T13:30:32.675" /><!-- duration: 16ms -->
      </step><!-- duration: 1238ms -->
    </step><!-- duration: 1588ms -->
    <step title="Outgoing response" date="2025-10-21T13:30:33.540" type="response" statusCode="202" statusText="Accepted" /><!-- duration: 10ms -->
  </step><!-- duration: 2591ms -->
