<step title="BackgroundTrace" date="2025-10-22T07:26:26.203" instance="10ec71" url="/api/zipdeploy" method="POST" >
  <step title="Creating temporary deployment - FetchDeploymentManager" date="2025-10-22T07:26:26.372" /><!-- duration: 6ms -->
  <step title="Creating temporary deployment" date="2025-10-22T07:26:26.384" /><!-- duration: 101ms -->
  <step title="Performing fetch based deployment" date="2025-10-22T07:26:26.561" >
    <step title="Cleaning up temp folders from previous zip deployments and extracting pushed zip file /tmp/zipdeploy/8a919645-405d-4c74-82ed-04a9a42088b3.zip (0.04 MB) to /tmp/zipdeploy/extracted" date="2025-10-22T07:26:27.800" >
      <step title="ChmodRecursive Process exited with total time taken in ms: 123" date="2025-10-22T07:26:28.068" /><!-- duration: 19ms -->
    </step><!-- duration: 298ms -->
    <step title="Deployment timer started" date="2025-10-22T07:26:30.116" >
      <step title="DeploymentManager.Deploy(id:7d1f91fd-2aa6-4535-a32e-e4eb8e4af097)" date="2025-10-22T07:26:30.136" >
        <step title="Collecting changeset information" date="2025-10-22T07:26:30.229" /><!-- duration: 143ms -->
        <step title="Updating submodules" date="2025-10-22T07:26:30.379" /><!-- duration: 1147ms -->
        <step title="Determining deployment builder" date="2025-10-22T07:26:31.813" >
          <step title="Builder is OryxBuilder" date="2025-10-22T07:26:31.843" /><!-- duration: 5ms -->
        </step><!-- duration: 40ms -->
        <step title="PreDeployment: context.CleanOutputPath False" date="2025-10-22T07:26:31.910" >
          <step title="PreDeployment: context.OutputPath /home/site/wwwroot" date="2025-10-22T07:26:32.031" >
            <step title="Building" date="2025-10-22T07:26:32.180" >
              <step title="Executing external process" date="2025-10-22T07:26:32.546" type="process" path="bash" arguments="-c &quot;oryx build /tmp/zipdeploy/extracted -o /home/site/wwwroot --platform python --platform-version 3.10 -p virtualenv_name=antenv --log-file /tmp/build-debug.log  -i /tmp/8de113c52d51ec8 --compress-destination-dir | tee /tmp/oryx-build.log ; exit $PIPESTATUS &quot;" >
                <step title="Cpu: python(1176,0.400s)+python(1108,37.860s)+ts(1109,0.130s)+build.sh(1107,0.000s)+build.sh(1106,0.000s)+build.sh(997,0.080s)+oryx(975,5.870s)+tee(976,0.000s)+bash(974,0.000s)=total(44.340s)" date="2025-10-22T07:28:47.788" /><!-- duration: 19ms -->
                <step title="bash: no io activity for 61s, prev-cpu=-1.000s, current-cpu=44.340s" date="2025-10-22T07:28:47.911" /><!-- duration: 20ms -->
                <step title="Cpu: python(1108,79.740s)+ts(1109,0.130s)+build.sh(1107,0.000s)+build.sh(1106,0.000s)+build.sh(997,0.080s)+oryx(975,5.930s)+tee(976,0.000s)+bash(974,0.000s)=total(85.880s)" date="2025-10-22T07:29:48.242" /><!-- duration: 38ms -->
                <step title="bash: no io activity for 121s, prev-cpu=44.340s, current-cpu=85.880s" date="2025-10-22T07:29:48.309" /><!-- duration: 11ms -->
              </step><!-- duration: 296439ms -->
              <step title="Using PythonDeploymentLogParser" date="2025-10-22T07:31:29.594" /><!-- duration: 5ms -->
              <step title="Triggering recycle (preview mode disabled)." date="2025-10-22T07:31:30.749" /><!-- duration: 9ms -->
              <step title="Modified file to trigger a restart of the app container." date="2025-10-22T07:31:30.801" /><!-- duration: 4ms -->
              <step title="Skip function trigger and logicapp sync because function is not enabled." date="2025-10-22T07:31:30.846" /><!-- duration: 4ms -->
              <step title="Purge deployment items" date="2025-10-22T07:31:32.356" >
                <step title="Remove a862dd42-, Success, received at 10/21/2025 13:50:14" date="2025-10-22T07:31:32.442" /><!-- duration: 3ms -->
              </step><!-- duration: 93ms -->
            </step><!-- duration: 300370ms -->
          </step><!-- duration: 300524ms -->
          <step title="Cleaning up temp files" date="2025-10-22T07:31:32.558" /><!-- duration: 4173ms -->
          <step title="Cleaning up temp files" date="2025-10-22T07:31:36.744" /><!-- duration: 527ms -->
          <step title="Reloading status file with latest updates" date="2025-10-22T07:31:37.298" >
            <step title="WebHooksManager.PublishEventAsync: PostDeployment" date="2025-10-22T07:31:37.303" /><!-- duration: 160ms -->
          </step><!-- duration: 169ms -->
          <step title="Cleaning up temporary deployment - fetch deployment was successful" date="2025-10-22T07:31:37.474" /><!-- duration: 4ms -->
        </step><!-- duration: 305611ms -->
      </step><!-- duration: 307418ms -->
