<step title="Incoming Request" date="2025-10-22T05:49:29.240" instance="10ec71" url="/api/publish?type=zip" method="POST" type="request" pid="770,1,27" Accept="*/*" Host="my-chatbot-app-73d666.scm.azurewebsites.net" User-Agent="AZURECLI/2.77.0 (MSI)" Accept-Encoding="gzip, deflate" Authorization="Bas..." Cache-Control="no-cache" Content-Type="application/octet-stream" Cookie="ARRAffinity=10ec71252d15acc549bd1b49685e9bce1d1247141bf9ff915402b1130345f15b; ARRAffinitySameSite=10ec71252d15acc549bd1b49685e9bce1d1247141bf9ff915402b1130345f15b" Content-Length="34385" x-ms-client-request-id="d1a8ae7e-af0a-11f0-9a7a-30138bc23e6b" x-ms-artifact-checksum="b7808769aa994ce1c634fc9805434cb12c03f527be7f62277dbbf53403ec0d95" X-ARR-LOG-ID="d1a8ae7e-af0a-11f0-9a7a-30138bc23e6b" CLIENT-IP="117.250.76.240:1269" X-SITE-DEPLOYMENT-ID="my-chatbot-app-73d666" WAS-DEFAULT-HOSTNAME="my-chatbot-app-73d666.scm.azurewebsites.net" X-Forwarded-Proto="https" X-AppService-Proto="https" X-Forwarded-TlsVersion="1.3" X-WAWS-Unencoded-URL="/api/publish?type=zip" X-Client-IP="117.250.76.240" X-Client-Port="1269" >
  <step title="OneDeploy" date="2025-10-22T05:49:29.658" >
    <step title="None repository commit" date="2025-10-22T05:49:29.693" >
      <step title="Commit id: a97d4ca8-3744-42c4-a256-669860c3eb6b" date="2025-10-22T05:49:29.698" Message="N/A" AuthorName="N/A" AuthorEmail="N/A" /><!-- duration: 4ms -->
    </step><!-- duration: 14ms -->
    <step title="Starting PushDeployAsync" date="2025-10-22T05:49:29.711" /><!-- duration: 6ms -->
    <step title="Writing artifact to /tmp/zipdeploy/00126ec6-cd0f-4549-99b9-747a03f879fc.zip" date="2025-10-22T05:49:29.777" >
      <step title="Writing multipart request body to /tmp/zipdeploy/00126ec6-cd0f-4549-99b9-747a03f879fc.zip" date="2025-10-22T05:49:29.807" /><!-- duration: 24ms -->
    </step><!-- duration: 264ms -->
    <step title="Removing previous build artifact&apos;s manifest file" date="2025-10-22T05:49:30.050" >
      <step title="Attempting to fetch target branch HEAD" date="2025-10-22T05:49:30.084" /><!-- duration: 4ms -->
      <step title="Acquiring Deployment Lock" date="2025-10-22T05:49:30.129" /><!-- duration: 4ms -->
      <step title="Acquired Deployment Lock" date="2025-10-22T05:49:30.227" /><!-- duration: 4ms -->
      <step title="Performing fetch based deployment" date="2025-10-22T05:49:30.247" >
        <step title="Creating temporary deployment" date="2025-10-22T05:49:30.292" /><!-- duration: 117ms -->
        <step title="Releasing Deployment Lock" date="2025-10-22T05:49:31.705" /><!-- duration: 11ms -->
        <step title="Cleaning up temp folders from previous zip deployments and extracting pushed zip file /tmp/zipdeploy/00126ec6-cd0f-4549-99b9-747a03f879fc.zip (0.03 MB) to /tmp/zipdeploy/extracted" date="2025-10-22T05:49:31.828" >
          <step title="ChmodRecursive Process exited with total time taken in ms: 177" date="2025-10-22T05:49:32.103" /><!-- duration: 9ms -->
        </step><!-- duration: 302ms -->
        <step title="None repository commit" date="2025-10-22T05:49:32.141" >
          <step title="Commit id: a97d4ca8-3744-42c4-a256-669860c3eb6b" date="2025-10-22T05:49:32.147" Message="OneDeploy" AuthorName="N/A" AuthorEmail="N/A" /><!-- duration: 5ms -->
        </step><!-- duration: 15ms -->
        <step title="Deployment timer started" date="2025-10-22T05:49:34.201" >
          <step title="DeploymentManager.Deploy(id:a97d4ca8-3744-42c4-a256-669860c3eb6b)" date="2025-10-22T05:49:34.208" >
            <step title="Collecting changeset information" date="2025-10-22T05:49:34.250" /><!-- duration: 138ms -->
            <step title="Updating submodules" date="2025-10-22T05:49:34.398" /><!-- duration: 1173ms -->
            <step title="Determining deployment builder" date="2025-10-22T05:49:35.921" >
              <step title="Builder is OryxBuilder" date="2025-10-22T05:49:35.942" /><!-- duration: 4ms -->
            </step><!-- duration: 29ms -->
            <step title="PreDeployment: context.CleanOutputPath False" date="2025-10-22T05:49:36.097" >
              <step title="PreDeployment: context.OutputPath /home/site/wwwroot" date="2025-10-22T05:49:36.322" >
                <step title="Building" date="2025-10-22T05:49:36.554" >
                  <step title="Executing external process" date="2025-10-22T05:49:37.017" type="process" path="bash" arguments="-c &quot;oryx build /tmp/zipdeploy/extracted -o /home/site/wwwroot --platform python --platform-version 3.10 -p virtualenv_name=antenv --log-file /tmp/build-debug.log  -i /tmp/8de112ec84a3823 --compress-destination-dir | tee /tmp/oryx-build.log ; exit $PIPESTATUS &quot;" >
                    <step title="Cpu: python(1104,40.930s)+ts(1105,0.150s)+build.sh(1103,0.000s)+build.sh(1102,0.000s)+build.sh(1004,0.140s)+oryx(983,5.960s)+tee(984,0.000s)+bash(982,0.010s)=total(47.160s)" date="2025-10-22T05:51:32.142" /><!-- duration: 26ms -->
                    <step title="bash: no io activity for 60s, prev-cpu=-1.000s, current-cpu=47.160s" date="2025-10-22T05:51:32.198" /><!-- duration: 11ms -->
                    <step title="Cpu: python(1104,73.040s)+ts(1105,0.150s)+build.sh(1103,0.000s)+build.sh(1102,0.000s)+build.sh(1004,0.140s)+oryx(983,5.990s)+tee(984,0.000s)+bash(982,0.010s)=total(79.330s)" date="2025-10-22T05:52:32.737" /><!-- duration: 102ms -->
                    <step title="bash: no io activity for 121s, prev-cpu=47.160s, current-cpu=79.330s" date="2025-10-22T05:52:32.899" /><!-- duration: 47ms -->
                    <step title="Cpu: gzip(1232,20.650s)+sh(1231,0.000s)+tar(1230,2.460s)+build.sh(1004,0.150s)+oryx(983,6.540s)+tee(984,0.000s)+bash(982,0.010s)=total(29.810s)" date="2025-10-22T05:54:33.537" /><!-- duration: 68ms -->
                    <step title="bash: no io activity for 61s, prev-cpu=-1.000s, current-cpu=29.810s" date="2025-10-22T05:54:33.661" /><!-- duration: 142ms -->
                    <step title="Cpu: gzip(1232,31.180s)+sh(1231,0.000s)+tar(1230,3.450s)+build.sh(1004,0.150s)+oryx(983,6.600s)+tee(984,0.000s)+bash(982,0.010s)=total(41.380s)" date="2025-10-22T05:55:35.175" /><!-- duration: 19ms -->
                    <step title="bash: no io activity for 123s, prev-cpu=29.810s, current-cpu=41.380s" date="2025-10-22T05:55:35.276" /><!-- duration: 45ms -->
