<step title="BackgroundTrace" date="2025-10-25T11:11:22.320" instance="10ec71" url="/api/zipdeploy" method="POST" >
  <step title="Creating temporary deployment - FetchDeploymentManager" date="2025-10-25T11:11:22.395" /><!-- duration: 3ms -->
  <step title="Creating temporary deployment" date="2025-10-25T11:11:22.408" /><!-- duration: 61ms -->
  <step title="Performing fetch based deployment" date="2025-10-25T11:11:22.533" >
    <step title="Cleaning up temp folders from previous zip deployments and extracting pushed zip file /tmp/zipdeploy/9498d85b-f91b-4928-954a-2cfcf81e5ec2.zip (0.28 MB) to /tmp/zipdeploy/extracted" date="2025-10-25T11:11:23.705" >
      <step title="ChmodRecursive Process exited with total time taken in ms: 77" date="2025-10-25T11:11:23.902" /><!-- duration: 11ms -->
    </step><!-- duration: 218ms -->
    <step title="Deployment timer started" date="2025-10-25T11:11:25.944" >
      <step title="DeploymentManager.Deploy(id:8e9d93af-99b2-446a-bf97-f422ae7f9c92)" date="2025-10-25T11:11:25.966" >
        <step title="Collecting changeset information" date="2025-10-25T11:11:26.002" /><!-- duration: 160ms -->
        <step title="Updating submodules" date="2025-10-25T11:11:26.170" /><!-- duration: 1164ms -->
        <step title="Determining deployment builder" date="2025-10-25T11:11:27.580" >
          <step title="Builder is OryxBuilder" date="2025-10-25T11:11:27.600" /><!-- duration: 5ms -->
        </step><!-- duration: 33ms -->
        <step title="PreDeployment: context.CleanOutputPath False" date="2025-10-25T11:11:27.702" >
          <step title="PreDeployment: context.OutputPath /home/site/wwwroot" date="2025-10-25T11:11:27.836" >
            <step title="Building" date="2025-10-25T11:11:28.012" >
              <step title="Executing external process" date="2025-10-25T11:11:28.341" type="process" path="bash" arguments="-c &quot;oryx build /tmp/zipdeploy/extracted -o /home/site/wwwroot --platform python --platform-version 3.10 -p virtualenv_name=antenv --log-file /tmp/build-debug.log  -i /tmp/8de13b73e2c3c16 --compress-destination-dir | tee /tmp/oryx-build.log ; exit $PIPESTATUS &quot;" >
                <step title="Cpu: python3.10(2827,12.090s)+python3.10(2826,0.170s)+python3.10(2825,0.150s)+build.sh(2755,0.030s)+oryx(2734,5.150s)+tee(2735,0.000s)+bash(2733,0.000s)=total(17.570s)" date="2025-10-25T11:12:38.822" /><!-- duration: 31ms -->
                <step title="bash: no io activity for 60s, prev-cpu=-1.000s, current-cpu=17.570s" date="2025-10-25T11:12:39.142" /><!-- duration: 95ms -->
                <step title="Cpu: python(2862,37.570s)+ts(2863,0.170s)+build.sh(2861,0.000s)+build.sh(2860,0.000s)+build.sh(2755,0.040s)+oryx(2734,5.370s)+tee(2735,0.000s)+bash(2733,0.000s)=total(43.150s)" date="2025-10-25T11:13:52.328" /><!-- duration: 18ms -->
                <step title="bash: no io activity for 60s, prev-cpu=-1.000s, current-cpu=43.150s" date="2025-10-25T11:13:52.362" /><!-- duration: 12ms -->
              </step><!-- duration: 271006ms -->
              <step title="Using PythonDeploymentLogParser" date="2025-10-25T11:15:59.774" /><!-- duration: 5ms -->
              <step title="Triggering recycle (preview mode disabled)." date="2025-10-25T11:16:01.085" /><!-- duration: 12ms -->
              <step title="Modified file to trigger a restart of the app container." date="2025-10-25T11:16:01.150" /><!-- duration: 5ms -->
              <step title="Skip function trigger and logicapp sync because function is not enabled." date="2025-10-25T11:16:01.178" /><!-- duration: 11ms -->
              <step title="Purge deployment items" date="2025-10-25T11:16:03.399" >
                <step title="Remove c9828eae-, Success, received at 10/22/2025 04:55:50" date="2025-10-25T11:16:03.543" /><!-- duration: 13ms -->
              </step><!-- duration: 216ms -->
            </step><!-- duration: 275728ms -->
          </step><!-- duration: 275930ms -->
          <step title="Cleaning up temp files" date="2025-10-25T11:16:03.787" /><!-- duration: 3938ms -->
          <step title="Cleaning up temp files" date="2025-10-25T11:16:07.739" /><!-- duration: 514ms -->
          <step title="Reloading status file with latest updates" date="2025-10-25T11:16:08.293" >
            <step title="WebHooksManager.PublishEventAsync: PostDeployment" date="2025-10-25T11:16:08.299" /><!-- duration: 82ms -->
          </step><!-- duration: 93ms -->
          <step title="Cleaning up temporary deployment - fetch deployment was successful" date="2025-10-25T11:16:08.400" /><!-- duration: 7ms -->
        </step><!-- duration: 280771ms -->
      </step><!-- duration: 282539ms -->
