<step title="BackgroundTrace" date="2025-10-26T17:24:40.192" instance="10ec71" url="/api/zipdeploy" method="POST" >
  <step title="Creating temporary deployment - FetchDeploymentManager" date="2025-10-26T17:24:40.396" /><!-- duration: 8ms -->
  <step title="Creating temporary deployment" date="2025-10-26T17:24:40.469" /><!-- duration: 113ms -->
  <step title="Performing fetch based deployment" date="2025-10-26T17:24:40.667" >
    <step title="Cleaning up temp folders from previous zip deployments and extracting pushed zip file /tmp/zipdeploy/c6ac395c-59ab-448a-85f6-22dfa73a48f1.zip (0.21 MB) to /tmp/zipdeploy/extracted" date="2025-10-26T17:24:41.980" >
      <step title="ChmodRecursive Process exited with total time taken in ms: 130" date="2025-10-26T17:24:42.322" /><!-- duration: 11ms -->
    </step><!-- duration: 363ms -->
    <step title="Deployment timer started" date="2025-10-26T17:24:44.380" >
      <step title="DeploymentManager.Deploy(id:b5d70ddd-0e2f-473e-aa22-dada8a1280b8)" date="2025-10-26T17:24:44.399" >
        <step title="Collecting changeset information" date="2025-10-26T17:24:44.448" /><!-- duration: 134ms -->
        <step title="Updating submodules" date="2025-10-26T17:24:44.591" /><!-- duration: 1179ms -->
        <step title="Determining deployment builder" date="2025-10-26T17:24:46.070" >
          <step title="Builder is OryxBuilder" date="2025-10-26T17:24:46.097" /><!-- duration: 8ms -->
        </step><!-- duration: 51ms -->
        <step title="PreDeployment: context.CleanOutputPath False" date="2025-10-26T17:24:46.213" >
          <step title="PreDeployment: context.OutputPath /home/site/wwwroot" date="2025-10-26T17:24:46.414" >
            <step title="Building" date="2025-10-26T17:24:46.707" >
              <step title="Executing external process" date="2025-10-26T17:24:47.214" type="process" path="bash" arguments="-c &quot;oryx build /tmp/zipdeploy/extracted -o /home/site/wwwroot --platform python --platform-version 3.10 -p virtualenv_name=antenv --log-file /tmp/build-debug.log  -i /tmp/8de14b48f235ffa --compress-destination-dir | tee /tmp/oryx-build.log ; exit $PIPESTATUS &quot;" /><!-- duration: 30070ms -->
              <step title="Using PythonDeploymentLogParser" date="2025-10-26T17:25:17.960" /><!-- duration: 12ms -->
              <step title="Triggering recycle (preview mode disabled)." date="2025-10-26T17:25:20.093" /><!-- duration: 7ms -->
              <step title="Modified file to trigger a restart of the app container." date="2025-10-26T17:25:20.154" /><!-- duration: 8ms -->
              <step title="Skip function trigger and logicapp sync because function is not enabled." date="2025-10-26T17:25:20.188" /><!-- duration: 14ms -->
              <step title="Purge deployment items" date="2025-10-26T17:25:22.768" >
                <step title="Remove cd7faeaf-, Failed, received at 10/26/2025 09:34:30" date="2025-10-26T17:25:22.877" /><!-- duration: 7ms -->
                <step title="Remove a6c2a32b-, Success, received at 10/25/2025 08:56:56" date="2025-10-26T17:25:23.008" /><!-- duration: 11ms -->
              </step><!-- duration: 289ms -->
            </step><!-- duration: 36480ms -->
          </step><!-- duration: 36799ms -->
          <step title="Cleaning up temp files" date="2025-10-26T17:25:23.226" /><!-- duration: 1839ms -->
          <step title="Cleaning up temp files" date="2025-10-26T17:25:25.070" /><!-- duration: 511ms -->
          <step title="Reloading status file with latest updates" date="2025-10-26T17:25:25.617" >
            <step title="WebHooksManager.PublishEventAsync: PostDeployment" date="2025-10-26T17:25:25.630" /><!-- duration: 70ms -->
          </step><!-- duration: 89ms -->
          <step title="Cleaning up temporary deployment - fetch deployment was successful" date="2025-10-26T17:25:25.721" /><!-- duration: 7ms -->
        </step><!-- duration: 39578ms -->
      </step><!-- duration: 41413ms -->
