<step title="BackgroundTrace" date="2025-10-26T08:10:00.195" instance="10ec71" url="/api/zipdeploy" method="POST" >
  <step title="Creating temporary deployment - FetchDeploymentManager" date="2025-10-26T08:10:00.567" /><!-- duration: 6ms -->
  <step title="Creating temporary deployment" date="2025-10-26T08:10:00.589" /><!-- duration: 186ms -->
  <step title="Performing fetch based deployment" date="2025-10-26T08:10:00.899" >
    <step title="Cleaning up temp folders from previous zip deployments and extracting pushed zip file /tmp/zipdeploy/fb19128c-10cf-4b63-a34e-5496a01fd72e.zip (0.00 MB) to /tmp/zipdeploy/extracted" date="2025-10-26T08:10:02.498" >
      <step title="ChmodRecursive Process exited with total time taken in ms: 651" date="2025-10-26T08:10:03.382" /><!-- duration: 17ms -->
    </step><!-- duration: 929ms -->
    <step title="Deployment timer started" date="2025-10-26T08:10:05.528" >
      <step title="DeploymentManager.Deploy(id:1f2e2326-4fc9-4324-a230-98ecdeeadf1e)" date="2025-10-26T08:10:05.564" >
        <step title="Collecting changeset information" date="2025-10-26T08:10:05.640" /><!-- duration: 176ms -->
        <step title="Updating submodules" date="2025-10-26T08:10:05.830" /><!-- duration: 1426ms -->
        <step title="Determining deployment builder" date="2025-10-26T08:10:07.710" >
          <step title="Builder is OryxBuilder" date="2025-10-26T08:10:07.826" /><!-- duration: 6ms -->
        </step><!-- duration: 132ms -->
        <step title="PreDeployment: context.CleanOutputPath False" date="2025-10-26T08:10:07.941" >
          <step title="PreDeployment: context.OutputPath /home/site/wwwroot" date="2025-10-26T08:10:08.137" >
            <step title="Building" date="2025-10-26T08:10:08.400" >
              <step title="Executing external process" date="2025-10-26T08:10:08.948" type="process" path="bash" arguments="-c &quot;oryx build /tmp/zipdeploy/extracted -o /home/site/wwwroot --platform python --platform-version 3.10 -p virtualenv_name=antenv --log-file /tmp/build-debug.log  -i /tmp/8de146713bc3724 --compress-destination-dir | tee /tmp/oryx-build.log ; exit $PIPESTATUS &quot;" /><!-- duration: 49058ms -->
              <step title="Using PythonDeploymentLogParser" date="2025-10-26T08:10:58.586" /><!-- duration: 7ms -->
              <step title="Triggering recycle (preview mode disabled)." date="2025-10-26T08:11:00.318" /><!-- duration: 10ms -->
              <step title="Modified file to trigger a restart of the app container." date="2025-10-26T08:11:00.381" /><!-- duration: 6ms -->
              <step title="Skip function trigger and logicapp sync because function is not enabled." date="2025-10-26T08:11:00.407" /><!-- duration: 22ms -->
              <step title="Purge deployment items" date="2025-10-26T08:11:02.287" >
                <step title="Remove 0d4633c6-, Success, received at 10/22/2025 06:37:37" date="2025-10-26T08:11:02.549" /><!-- duration: 3ms -->
              </step><!-- duration: 278ms -->
            </step><!-- duration: 54250ms -->
          </step><!-- duration: 54520ms -->
          <step title="Cleaning up temp files" date="2025-10-26T08:11:02.660" /><!-- duration: 1937ms -->
          <step title="Cleaning up temp files" date="2025-10-26T08:11:04.683" /><!-- duration: 771ms -->
          <step title="Reloading status file with latest updates" date="2025-10-26T08:11:05.532" >
            <step title="WebHooksManager.PublishEventAsync: PostDeployment" date="2025-10-26T08:11:05.574" /><!-- duration: 2179ms -->
          </step><!-- duration: 2231ms -->
          <step title="Cleaning up temporary deployment - fetch deployment was successful" date="2025-10-26T08:11:07.782" /><!-- duration: 9ms -->
        </step><!-- duration: 60170ms -->
      </step><!-- duration: 62708ms -->
