<step title="BackgroundTrace" date="2025-10-27T06:08:14.458" instance="10ec71" url="/api/zipdeploy" method="POST" >
  <step title="Creating temporary deployment - FetchDeploymentManager" date="2025-10-27T06:08:14.622" /><!-- duration: 4ms -->
  <step title="Creating temporary deployment" date="2025-10-27T06:08:14.638" /><!-- duration: 106ms -->
  <step title="Performing fetch based deployment" date="2025-10-27T06:08:14.816" >
    <step title="Cleaning up temp folders from previous zip deployments and extracting pushed zip file /tmp/zipdeploy/d67571ca-06e7-4cd3-a1a6-d518b5529380.zip (0.21 MB) to /tmp/zipdeploy/extracted" date="2025-10-27T06:08:16.151" >
      <step title="ChmodRecursive Process exited with total time taken in ms: 178" date="2025-10-27T06:08:16.483" /><!-- duration: 6ms -->
    </step><!-- duration: 347ms -->
    <step title="Deployment timer started" date="2025-10-27T06:08:18.545" >
      <step title="DeploymentManager.Deploy(id:f9a28cdb-395a-4926-91ac-50d1a2da4ca1)" date="2025-10-27T06:08:18.566" >
        <step title="Collecting changeset information" date="2025-10-27T06:08:18.640" /><!-- duration: 138ms -->
        <step title="Updating submodules" date="2025-10-27T06:08:18.787" /><!-- duration: 1221ms -->
        <step title="Determining deployment builder" date="2025-10-27T06:08:20.306" >
          <step title="Builder is OryxBuilder" date="2025-10-27T06:08:20.326" /><!-- duration: 11ms -->
        </step><!-- duration: 51ms -->
        <step title="PreDeployment: context.CleanOutputPath False" date="2025-10-27T06:08:20.454" >
          <step title="PreDeployment: context.OutputPath /home/site/wwwroot" date="2025-10-27T06:08:20.760" >
            <step title="Building" date="2025-10-27T06:08:22.076" >
              <step title="Executing external process" date="2025-10-27T06:08:22.761" type="process" path="bash" arguments="-c &quot;oryx build /tmp/zipdeploy/extracted -o /home/site/wwwroot --platform python --platform-version 3.10 -p virtualenv_name=antenv --log-file /tmp/build-debug.log  -i /tmp/8de151f3a8d1d88 --compress-destination-dir | tee /tmp/oryx-build.log ; exit $PIPESTATUS &quot;" /><!-- duration: 49676ms -->
              <step title="Using PythonDeploymentLogParser" date="2025-10-27T06:09:12.892" /><!-- duration: 4ms -->
              <step title="Triggering recycle (preview mode disabled)." date="2025-10-27T06:09:14.199" /><!-- duration: 7ms -->
              <step title="Modified file to trigger a restart of the app container." date="2025-10-27T06:09:14.250" /><!-- duration: 6ms -->
              <step title="Skip function trigger and logicapp sync because function is not enabled." date="2025-10-27T06:09:14.288" /><!-- duration: 5ms -->
              <step title="Purge deployment items" date="2025-10-27T06:09:16.683" >
                <step title="Remove ed267ef9-, Failed, received at 10/26/2025 17:43:17" date="2025-10-27T06:09:16.773" /><!-- duration: 6ms -->
                <step title="Remove temp-b0a9, Failed, received at 10/26/2025 17:43:13" date="2025-10-27T06:09:16.850" /><!-- duration: 6ms -->
                <step title="Remove 28d9c248-, Failed, received at 10/26/2025 17:31:59" date="2025-10-27T06:09:16.931" /><!-- duration: 5ms -->
                <step title="Remove temp-9145, Failed, received at 10/26/2025 17:31:54" date="2025-10-27T06:09:17.025" /><!-- duration: 4ms -->
                <step title="Remove fc76c16c-, Success, received at 10/25/2025 09:17:19" date="2025-10-27T06:09:17.128" /><!-- duration: 4ms -->
              </step><!-- duration: 456ms -->
            </step><!-- duration: 55167ms -->
          </step><!-- duration: 56502ms -->
          <step title="Cleaning up temp files" date="2025-10-27T06:09:17.267" /><!-- duration: 2073ms -->
          <step title="Cleaning up temp files" date="2025-10-27T06:09:19.677" /><!-- duration: 538ms -->
          <step title="Reloading status file with latest updates" date="2025-10-27T06:09:20.276" >
            <step title="WebHooksManager.PublishEventAsync: PostDeployment" date="2025-10-27T06:09:20.295" /><!-- duration: 242ms -->
          </step><!-- duration: 278ms -->
          <step title="Cleaning up temporary deployment - fetch deployment was successful" date="2025-10-27T06:09:20.576" /><!-- duration: 17ms -->
        </step><!-- duration: 60331ms -->
      </step><!-- duration: 62454ms -->
