<step title="Incoming Request" date="2025-10-21T14:09:46.159" instance="10ec71" url="/api/zipdeploy?isAsync=true" method="POST" type="request" pid="772,1,20" Accept="*/*" Host="my-chatbot-app-73d666.scm.azurewebsites.net" User-Agent="AZURECLI/2.77.0 (MSI)" Accept-Encoding="gzip, deflate" Authorization="Bas..." Cache-Control="no-cache" Content-Type="application/octet-stream" Content-Length="36951" x-ms-client-request-id="916b97af-ae87-11f0-b67f-30138bc23e6b" x-ms-artifact-checksum="8095e46dc1d1fbcd5e8b028c16bb58bd8cddf0e1466a3dcfa93ec9095ca04aaf" X-ARR-LOG-ID="916b97af-ae87-11f0-b67f-30138bc23e6b" CLIENT-IP="117.250.76.240:22409" X-SITE-DEPLOYMENT-ID="my-chatbot-app-73d666" WAS-DEFAULT-HOSTNAME="my-chatbot-app-73d666.scm.azurewebsites.net" X-Forwarded-Proto="https" X-AppService-Proto="https" X-Forwarded-TlsVersion="1.3" X-WAWS-Unencoded-URL="/api/zipdeploy?isAsync=true" X-Client-IP="117.250.76.240" X-Client-Port="22409" >
  <step title="Cleanup Xml Logs" date="2025-10-21T14:09:46.209" /><!-- duration: 75ms -->
  <step title="ZipPushDeploy" date="2025-10-21T14:09:47.048" >
    <step title="ZipDeploy. Extract zip. Remote build." date="2025-10-21T14:09:47.141" /><!-- duration: 12ms -->
    <step title="Starting PushDeployAsync" date="2025-10-21T14:09:47.165" /><!-- duration: 10ms -->
    <step title="Writing artifact to /tmp/zipdeploy/a7b81353-23d7-4577-809b-3c0ede3a2463.zip" date="2025-10-21T14:09:47.234" >
      <step title="Writing multipart request body to /tmp/zipdeploy/a7b81353-23d7-4577-809b-3c0ede3a2463.zip" date="2025-10-21T14:09:47.301" /><!-- duration: 36ms -->
    </step><!-- duration: 416ms -->
    <step title="Start deployment in the background" date="2025-10-21T14:09:47.697" >
      <step title="Acquiring Deployment Lock" date="2025-10-21T14:09:48.018" /><!-- duration: 36ms -->
      <step title="Acquired Deployment Lock" date="2025-10-21T14:09:48.216" /><!-- duration: 30ms -->
    </step><!-- duration: 1509ms -->
  </step><!-- duration: 2496ms -->
  <step title="Outgoing response" date="2025-10-21T14:09:49.704" type="response" statusCode="202" statusText="Accepted" /><!-- duration: 26ms -->
</step><!-- duration: 3583ms -->
