<step title="BackgroundTrace" date="2025-10-27T06:15:36.670" instance="10ec71" url="/api/zipdeploy" method="POST" >
  <step title="Creating temporary deployment - FetchDeploymentManager" date="2025-10-27T06:15:36.816" /><!-- duration: 8ms -->
  <step title="Creating temporary deployment" date="2025-10-27T06:15:36.842" /><!-- duration: 105ms -->
  <step title="Performing fetch based deployment" date="2025-10-27T06:15:37.007" >
    <step title="Cleaning up temp folders from previous zip deployments and extracting pushed zip file /tmp/zipdeploy/1c09005d-47b9-4b2a-b2d7-896b4112999a.zip (0.21 MB) to /tmp/zipdeploy/extracted" date="2025-10-27T06:15:38.244" >
      <step title="ChmodRecursive Process exited with total time taken in ms: 96" date="2025-10-27T06:15:38.566" /><!-- duration: 11ms -->
    </step><!-- duration: 341ms -->
    <step title="Deployment timer started" date="2025-10-27T06:15:40.610" >
      <step title="DeploymentManager.Deploy(id:04827a8c-9fdf-4577-babb-637483e3c2fb)" date="2025-10-27T06:15:40.658" >
        <step title="Collecting changeset information" date="2025-10-27T06:15:40.769" /><!-- duration: 387ms -->
        <step title="Updating submodules" date="2025-10-27T06:15:41.177" /><!-- duration: 1465ms -->
        <step title="Determining deployment builder" date="2025-10-27T06:15:43.035" >
          <step title="Builder is OryxBuilder" date="2025-10-27T06:15:43.103" /><!-- duration: 17ms -->
        </step><!-- duration: 126ms -->
        <step title="PreDeployment: context.CleanOutputPath False" date="2025-10-27T06:15:43.259" >
          <step title="PreDeployment: context.OutputPath /home/site/wwwroot" date="2025-10-27T06:15:43.449" >
            <step title="Building" date="2025-10-27T06:15:43.655" >
              <step title="Executing external process" date="2025-10-27T06:15:44.131" type="process" path="bash" arguments="-c &quot;oryx build /tmp/zipdeploy/extracted -o /home/site/wwwroot --platform python --platform-version 3.10 -p virtualenv_name=antenv --log-file /tmp/build-debug.log  -i /tmp/8de1520427bfa81 --compress-destination-dir | tee /tmp/oryx-build.log ; exit $PIPESTATUS &quot;" /><!-- duration: 39712ms -->
              <step title="Using PythonDeploymentLogParser" date="2025-10-27T06:16:24.277" /><!-- duration: 13ms -->
              <step title="Triggering recycle (preview mode disabled)." date="2025-10-27T06:16:25.634" /><!-- duration: 8ms -->
              <step title="Modified file to trigger a restart of the app container." date="2025-10-27T06:16:25.685" /><!-- duration: 4ms -->
              <step title="Skip function trigger and logicapp sync because function is not enabled." date="2025-10-27T06:16:25.694" /><!-- duration: 10ms -->
              <step title="Purge deployment items" date="2025-10-27T06:16:27.192" >
                <step title="Remove 12d9c4b8-, Success, received at 10/25/2025 11:06:52" date="2025-10-27T06:16:27.285" /><!-- duration: 4ms -->
              </step><!-- duration: 103ms -->
            </step><!-- duration: 43718ms -->
          </step><!-- duration: 43940ms -->
          <step title="Cleaning up temp files" date="2025-10-27T06:16:27.393" /><!-- duration: 2068ms -->
          <step title="Cleaning up temp files" date="2025-10-27T06:16:29.483" /><!-- duration: 605ms -->
          <step title="Reloading status file with latest updates" date="2025-10-27T06:16:30.165" >
            <step title="WebHooksManager.PublishEventAsync: PostDeployment" date="2025-10-27T06:16:30.178" /><!-- duration: 150ms -->
          </step><!-- duration: 174ms -->
          <step title="Cleaning up temporary deployment - fetch deployment was successful" date="2025-10-27T06:16:30.369" /><!-- duration: 4ms -->
        </step><!-- duration: 47254ms -->
      </step><!-- duration: 49941ms -->
