<step title="Incoming Request" date="2025-10-27T08:45:41.744" instance="10ec71" url="/api/zipdeploy?isAsync=true&amp;deployer=GITHUB_ZIP_DEPLOY&amp;message=%7B%22type%22%3A%22deployment%22%2C%22sha%22%3A%22fd7d946d085d55199358a881b355cec2b0299030%22%2C%22repoName%22%3A%22MahendraMedapati27%2FData_Management_Chatbot%22%2C%22actor%22%3A%22MahendraMedapati27%22%2C%22slotName%22%3A%22production%22%2C%22commitMessage%22%3A%22Trigger%20deployment%20test%20with%20Azure%20credentials%22%7D" method="POST" type="request" pid="768,1,38" Host="my-chatbot-app-73d666.scm.azurewebsites.net" User-Agent="GITHUBACTIONS_DeployWebAppToAzure_85e925cbb3527f6e73709cfc8dc979b310564ece25674b3756f31c5ffd3a2f78" Authorization="Bea..." Content-Type="application/octet-stream" Cookie="ARRAffinity=10ec71252d15acc549bd1b49685e9bce1d1247141bf9ff915402b1130345f15b;Path=/;HttpOnly;Secure;Domain=my-chatbot-app-73d666.scm.azurewebsites.net; ARRAffinitySameSite=10ec71252d15acc549bd1b49685e9bce1d1247141bf9ff915402b1130345f15b;Path=/;HttpOnly;SameSite=None;Secure;Domain=my-chatbot-app-73d666.scm.azurewebsites.net" Transfer-Encoding="chunked" X-ARR-LOG-ID="2997a488-df9c-47d7-a63e-10d08548ef50" CLIENT-IP="172.182.212.57:12361" X-SITE-DEPLOYMENT-ID="my-chatbot-app-73d666" WAS-DEFAULT-HOSTNAME="my-chatbot-app-73d666.scm.azurewebsites.net" X-Forwarded-Proto="https" X-AppService-Proto="https" X-Forwarded-TlsVersion="1.3" X-WAWS-Unencoded-URL="/api/zipdeploy?isAsync=true&amp;deployer=GITHUB_ZIP_DEPLOY&amp;message=%7B%22type%22%3A%22deployment%22%2C%22sha%22%3A%22fd7d946d085d55199358a881b355cec2b0299030%22%2C%22repoName%22%3A%22MahendraMedapati27%2FData_Management_Chatbot%22%2C%22actor%22%3A%22MahendraMedapati27%22%2C%22slotName%22%3A%22production%22%2C%22commitMessage%22%3A%22Trigger%20deployment%20test%20with%20Azure%20credentials%22%7D" X-Client-IP="172.182.212.57" X-Client-Port="12361" >
  <step title="Cleanup Xml Logs" date="2025-10-27T08:45:41.748" >
    <step title="Cleanup Infos" date="2025-10-27T08:45:41.768" totalFiles="408" totalCleanup="248" /><!-- duration: 7ms -->
  </step><!-- duration: 31ms -->
  <step title="ZipPushDeploy" date="2025-10-27T08:45:41.921" >
    <step title="ZipDeploy. Extract zip. Remote build." date="2025-10-27T08:45:41.952" /><!-- duration: 6ms -->
    <step title="None repository commit" date="2025-10-27T08:45:41.980" >
      <step title="Commit id: 083e27ff-6bb2-4aaf-9896-0c35dc2f025f" date="2025-10-27T08:45:41.986" Message="N/A" AuthorName="N/A" AuthorEmail="N/A" /><!-- duration: 5ms -->
    </step><!-- duration: 16ms -->
    <step title="Starting PushDeployAsync" date="2025-10-27T08:45:42.012" /><!-- duration: 6ms -->
    <step title="Writing artifact to /tmp/zipdeploy/e3e7e6d0-4e21-4d0d-88c5-dbffdd67712a.zip" date="2025-10-27T08:45:42.085" >
      <step title="Writing multipart request body to /tmp/zipdeploy/e3e7e6d0-4e21-4d0d-88c5-dbffdd67712a.zip" date="2025-10-27T08:45:42.119" /><!-- duration: 9ms -->
    </step><!-- duration: 6352ms -->
    <step title="Start deployment in the background" date="2025-10-27T08:45:48.461" >
      <step title="Acquiring Deployment Lock" date="2025-10-27T08:45:48.576" /><!-- duration: 16ms -->
      <step title="Acquired Deployment Lock" date="2025-10-27T08:45:48.720" /><!-- duration: 9ms -->
    </step><!-- duration: 492ms -->
  </step><!-- duration: 7058ms -->
  <step title="Outgoing response" date="2025-10-27T08:45:48.993" type="response" statusCode="202" statusText="Accepted" /><!-- duration: 8ms -->
</step><!-- duration: 7261ms -->
