<step title="Incoming Request" date="2025-10-25T08:56:50.811" instance="10ec71" url="/api/zipdeploy?isAsync=true" method="POST" type="request" pid="770,1,18" Accept="*/*" Host="my-chatbot-app-73d666.scm.azurewebsites.net" User-Agent="AZURECLI/2.77.0 (MSI)" Accept-Encoding="gzip, deflate" Authorization="Bas..." Cache-Control="no-cache" Content-Type="application/octet-stream" Content-Length="296150" x-ms-client-request-id="86d68dab-b180-11f0-bdbb-1cce519a4abb" x-ms-artifact-checksum="1b940d37a1a75f05bc18d38a976b27567d3dde50c08fabcec06face3b17b1f41" X-ARR-LOG-ID="86d68dab-b180-11f0-bdbb-1cce519a4abb" CLIENT-IP="117.250.76.240:59579" X-SITE-DEPLOYMENT-ID="my-chatbot-app-73d666" WAS-DEFAULT-HOSTNAME="my-chatbot-app-73d666.scm.azurewebsites.net" X-Forwarded-Proto="https" X-AppService-Proto="https" X-Forwarded-TlsVersion="1.3" X-WAWS-Unencoded-URL="/api/zipdeploy?isAsync=true" X-Client-IP="117.250.76.240" X-Client-Port="59579" >
  <step title="Cleanup Xml Logs" date="2025-10-25T08:56:50.818" /><!-- duration: 23ms -->
  <step title="ZipPushDeploy" date="2025-10-25T08:56:50.952" >
    <step title="ZipDeploy. Extract zip. Remote build." date="2025-10-25T08:56:50.961" /><!-- duration: 5ms -->
    <step title="None repository commit" date="2025-10-25T08:56:50.979" >
      <step title="Commit id: a6c2a32b-a344-49c2-be94-ac3a16aa8541" date="2025-10-25T08:56:50.984" Message="N/A" AuthorName="N/A" AuthorEmail="N/A" /><!-- duration: 8ms -->
    </step><!-- duration: 20ms -->
    <step title="Starting PushDeployAsync" date="2025-10-25T08:56:51.004" /><!-- duration: 5ms -->
    <step title="Writing artifact to /tmp/zipdeploy/0e82e059-4f9f-4d95-bd10-6b16a05c2456.zip" date="2025-10-25T08:56:51.074" >
      <step title="Writing multipart request body to /tmp/zipdeploy/0e82e059-4f9f-4d95-bd10-6b16a05c2456.zip" date="2025-10-25T08:56:51.095" /><!-- duration: 11ms -->
    </step><!-- duration: 1050ms -->
    <step title="Removing previous build artifact&apos;s manifest file" date="2025-10-25T08:56:52.144" >
      <step title="Start deployment in the background" date="2025-10-25T08:56:52.170" >
        <step title="Acquiring Deployment Lock" date="2025-10-25T08:56:52.213" /><!-- duration: 6ms -->
        <step title="Acquired Deployment Lock" date="2025-10-25T08:56:52.366" /><!-- duration: 5ms -->
      </step><!-- duration: 304ms -->
    </step><!-- duration: 340ms -->
    <step title="Outgoing response" date="2025-10-25T08:56:52.495" type="response" statusCode="202" statusText="Accepted" /><!-- duration: 11ms -->
  </step><!-- duration: 1557ms -->
