<step title="Incoming Request" date="2025-10-26T08:48:27.444" instance="10ec71" url="/api/zipdeploy?isAsync=true" method="POST" type="request" pid="768,1,30" Accept="*/*" Host="my-chatbot-app-73d666.scm.azurewebsites.net" User-Agent="AZURECLI/2.77.0 (MSI)" Accept-Encoding="gzip, deflate" Authorization="Bas..." Cache-Control="no-cache" Content-Type="application/octet-stream" Content-Length="8705" x-ms-client-request-id="7e9a51c1-b248-11f0-9bda-1cce519a4abb" x-ms-artifact-checksum="d94f45d9ab4fdfdccb3e00a69a2c7abce49f5363b5fc0bc9fbbf3ecbf8523acd" X-ARR-LOG-ID="7e9a51c1-b248-11f0-9bda-1cce519a4abb" CLIENT-IP="149.22.84.168:24503" X-SITE-DEPLOYMENT-ID="my-chatbot-app-73d666" WAS-DEFAULT-HOSTNAME="my-chatbot-app-73d666.scm.azurewebsites.net" X-Forwarded-Proto="https" X-AppService-Proto="https" X-Forwarded-TlsVersion="1.3" X-WAWS-Unencoded-URL="/api/zipdeploy?isAsync=true" X-Client-IP="149.22.84.168" X-Client-Port="24503" >
  <step title="Cleanup Xml Logs" date="2025-10-26T08:48:27.522" >
    <step title="Cleanup Infos" date="2025-10-26T08:48:27.715" totalFiles="304" totalCleanup="144" /><!-- duration: 132ms -->
  </step><!-- duration: 511ms -->
  <step title="ZipPushDeploy" date="2025-10-26T08:48:29.778" >
    <step title="ZipDeploy. Extract zip. Remote build." date="2025-10-26T08:48:30.039" /><!-- duration: 32ms -->
    <step title="Starting PushDeployAsync" date="2025-10-26T08:48:30.350" /><!-- duration: 39ms -->
    <step title="Writing artifact to /tmp/zipdeploy/253d8509-eed0-40d9-8b45-129dbadd70f5.zip" date="2025-10-26T08:48:30.563" >
      <step title="Writing multipart request body to /tmp/zipdeploy/253d8509-eed0-40d9-8b45-129dbadd70f5.zip" date="2025-10-26T08:48:30.636" /><!-- duration: 50ms -->
    </step><!-- duration: 1736ms -->
    <step title="Removing previous build artifact&apos;s manifest file" date="2025-10-26T08:48:32.422" >
      <step title="Start deployment in the background" date="2025-10-26T08:48:32.625" >
        <step title="Acquiring Deployment Lock" date="2025-10-26T08:48:33.882" /><!-- duration: 107ms -->
        <step title="Acquired Deployment Lock" date="2025-10-26T08:48:34.656" /><!-- duration: 80ms -->
      </step><!-- duration: 4874ms -->
    </step><!-- duration: 5937ms -->
    <step title="Outgoing response" date="2025-10-26T08:48:38.607" type="response" statusCode="202" statusText="Accepted" /><!-- duration: 95ms -->
  </step><!-- duration: 8987ms -->
