<step title="Incoming Request" date="2025-10-25T11:37:40.096" instance="10ec71" url="/api/deployments/latest" method="GET" type="request" pid="768,1,49" Accept="*/*" Host="my-chatbot-app-73d666.scm.azurewebsites.net" User-Agent="AZURECLI/2.77.0 (MSI)" Accept-Encoding="gzip, deflate" Authorization="Bas..." x-ms-client-request-id="f6e977f1-b196-11f0-aefe-1cce519a4abb" X-ARR-LOG-ID="f6e977f1-b196-11f0-aefe-1cce519a4abb" CLIENT-IP="117.250.76.240:41827" X-SITE-DEPLOYMENT-ID="my-chatbot-app-73d666" WAS-DEFAULT-HOSTNAME="my-chatbot-app-73d666.scm.azurewebsites.net" X-Forwarded-Proto="https" X-AppService-Proto="https" X-Forwarded-TlsVersion="1.3" X-WAWS-Unencoded-URL="/api/deployments/latest" X-Client-IP="117.250.76.240" X-Client-Port="41827" >
  <step title="Cleanup Xml Logs" date="2025-10-25T11:37:40.103" >
    <step title="Cleanup Infos" date="2025-10-25T11:37:40.150" totalFiles="257" totalCleanup="97" /><!-- duration: 8ms -->
  </step><!-- duration: 60ms -->
  <step title="DeploymentService.GetResult" date="2025-10-25T11:37:40.940" >
    <step title="DeploymentService.GetLatestDeployment" date="2025-10-25T11:37:41.146" >
      <step title="DeploymentManager.GetResults" date="2025-10-25T11:37:41.370" /><!-- duration: 3203ms -->
    </step><!-- duration: 3539ms -->
  </step><!-- duration: 3752ms -->
  <step title="Outgoing response" date="2025-10-25T11:37:44.824" type="response" statusCode="202" statusText="Accepted" /><!-- duration: 4ms -->
</step><!-- duration: 4737ms -->
