<step title="Incoming Request" date="2025-10-22T06:37:33.228" instance="10ec71" url="/api/publish?type=zip&amp;restart=True" method="POST" type="request" pid="770,1,16" Accept="*/*" Host="my-chatbot-app-73d666.scm.azurewebsites.net" User-Agent="AZURECLI/2.77.0 (MSI)" Accept-Encoding="gzip, deflate" Authorization="Bas..." Cache-Control="no-cache" Content-Type="application/octet-stream" Cookie="ARRAffinity=10ec71252d15acc549bd1b49685e9bce1d1247141bf9ff915402b1130345f15b; ARRAffinitySameSite=10ec71252d15acc549bd1b49685e9bce1d1247141bf9ff915402b1130345f15b" Content-Length="36065" x-ms-client-request-id="889d2d8c-af11-11f0-b6ad-30138bc23e6b" x-ms-artifact-checksum="53905126c582c2a77a4f3b04bfedf21720c2b8b989349100411e9fe709b8f248" X-ARR-LOG-ID="889d2d8c-af11-11f0-b6ad-30138bc23e6b" CLIENT-IP="117.250.76.240:5834" X-SITE-DEPLOYMENT-ID="my-chatbot-app-73d666" WAS-DEFAULT-HOSTNAME="my-chatbot-app-73d666.scm.azurewebsites.net" X-Forwarded-Proto="https" X-AppService-Proto="https" X-Forwarded-TlsVersion="1.3" X-WAWS-Unencoded-URL="/api/publish?type=zip&amp;restart=True" X-Client-IP="117.250.76.240" X-Client-Port="5834" >
  <step title="Cleanup Xml Logs" date="2025-10-22T06:37:33.234" /><!-- duration: 25ms -->
  <step title="OneDeploy" date="2025-10-22T06:37:33.391" >
    <step title="None repository commit" date="2025-10-22T06:37:33.409" >
      <step title="Commit id: 0d4633c6-b58a-463d-84a7-9510700862db" date="2025-10-22T06:37:33.418" Message="N/A" AuthorName="N/A" AuthorEmail="N/A" /><!-- duration: 9ms -->
    </step><!-- duration: 32ms -->
    <step title="Starting PushDeployAsync" date="2025-10-22T06:37:33.449" /><!-- duration: 6ms -->
    <step title="Writing artifact to /tmp/zipdeploy/6ea3486a-da71-416c-bd1c-ca3e89db76ae.zip" date="2025-10-22T06:37:33.499" >
      <step title="Writing multipart request body to /tmp/zipdeploy/6ea3486a-da71-416c-bd1c-ca3e89db76ae.zip" date="2025-10-22T06:37:33.507" /><!-- duration: 6ms -->
    </step><!-- duration: 126ms -->
    <step title="Attempting to fetch target branch HEAD" date="2025-10-22T06:37:33.661" /><!-- duration: 22ms -->
    <step title="Acquiring Deployment Lock" date="2025-10-22T06:37:33.693" /><!-- duration: 12ms -->
    <step title="Acquired Deployment Lock" date="2025-10-22T06:37:33.773" /><!-- duration: 9ms -->
    <step title="Performing fetch based deployment" date="2025-10-22T06:37:33.802" >
      <step title="Creating temporary deployment" date="2025-10-22T06:37:33.833" /><!-- duration: 100ms -->
      <step title="Releasing Deployment Lock" date="2025-10-22T06:37:35.157" /><!-- duration: 11ms -->
      <step title="Cleaning up temp folders from previous zip deployments and extracting pushed zip file /tmp/zipdeploy/6ea3486a-da71-416c-bd1c-ca3e89db76ae.zip (0.03 MB) to /tmp/zipdeploy/extracted" date="2025-10-22T06:37:35.248" >
        <step title="ChmodRecursive Process exited with total time taken in ms: 178" date="2025-10-22T06:37:35.506" /><!-- duration: 27ms -->
      </step><!-- duration: 291ms -->
      <step title="None repository commit" date="2025-10-22T06:37:35.556" >
        <step title="Commit id: 0d4633c6-b58a-463d-84a7-9510700862db" date="2025-10-22T06:37:35.580" Message="OneDeploy" AuthorName="N/A" AuthorEmail="N/A" /><!-- duration: 9ms -->
      </step><!-- duration: 38ms -->
      <step title="Deployment timer started" date="2025-10-22T06:37:37.614" >
        <step title="DeploymentManager.Deploy(id:0d4633c6-b58a-463d-84a7-9510700862db)" date="2025-10-22T06:37:37.623" >
          <step title="Collecting changeset information" date="2025-10-22T06:37:37.653" /><!-- duration: 129ms -->
          <step title="Updating submodules" date="2025-10-22T06:37:37.798" /><!-- duration: 1221ms -->
          <step title="Determining deployment builder" date="2025-10-22T06:37:39.298" >
            <step title="Builder is OryxBuilder" date="2025-10-22T06:37:39.316" /><!-- duration: 4ms -->
          </step><!-- duration: 27ms -->
          <step title="PreDeployment: context.CleanOutputPath False" date="2025-10-22T06:37:39.393" >
            <step title="PreDeployment: context.OutputPath /home/site/wwwroot" date="2025-10-22T06:37:39.584" >
              <step title="Building" date="2025-10-22T06:37:39.798" >
                <step title="Executing external process" date="2025-10-22T06:37:40.369" type="process" path="bash" arguments="-c &quot;oryx build /tmp/zipdeploy/extracted -o /home/site/wwwroot --platform python --platform-version 3.10 -p virtualenv_name=antenv --log-file /tmp/build-debug.log  -i /tmp/8de11357eea53f1 --compress-destination-dir | tee /tmp/oryx-build.log ; exit $PIPESTATUS &quot;" >
                  <step title="Cpu: python(924,39.520s)+ts(925,0.170s)+build.sh(923,0.000s)+build.sh(922,0.000s)+build.sh(826,0.070s)+oryx(805,5.600s)+tee(806,0.000s)+bash(804,0.000s)=total(45.350s)" date="2025-10-22T06:39:36.653" /><!-- duration: 19ms -->
                  <step title="bash: no io activity for 61s, prev-cpu=-1.000s, current-cpu=45.350s" date="2025-10-22T06:39:36.690" /><!-- duration: 27ms -->
                  <step title="Cpu: python(924,83.490s)+ts(925,0.170s)+build.sh(923,0.000s)+build.sh(922,0.000s)+build.sh(826,0.070s)+oryx(805,5.650s)+tee(806,0.000s)+bash(804,0.000s)=total(89.380s)" date="2025-10-22T06:40:37.021" /><!-- duration: 25ms -->
                  <step title="bash: no io activity for 121s, prev-cpu=45.350s, current-cpu=89.380s" date="2025-10-22T06:40:37.053" /><!-- duration: 55ms -->
                </step><!-- duration: 262132ms -->
                <step title="Using PythonDeploymentLogParser" date="2025-10-22T06:42:04.176" /><!-- duration: 27ms -->
                <step title="Modified file to trigger a restart of the app container." date="2025-10-22T06:42:08.032" /><!-- duration: 21ms -->
                <step title="Skip function trigger and logicapp sync because function is not enabled." date="2025-10-22T06:42:08.131" /><!-- duration: 27ms -->
                <step title="Purge deployment items" date="2025-10-22T06:42:11.332" >
                  <step title="Remove 0156ac1d-, Failed, received at 10/22/2025 06:14:35" date="2025-10-22T06:42:11.607" /><!-- duration: 8ms -->
                  <step title="Remove temp-e864, Failed, received at 10/22/2025 06:14:31" date="2025-10-22T06:42:11.702" /><!-- duration: 7ms -->
                  <step title="Remove bb55059b-, Success, received at 10/21/2025 13:31:55" date="2025-10-22T06:42:11.806" /><!-- duration: 7ms -->
                </step><!-- duration: 489ms -->
              </step><!-- duration: 272134ms -->
            </step><!-- duration: 272354ms -->
            <step title="Cleaning up temp files" date="2025-10-22T06:42:11.943" /><!-- duration: 21393ms -->
            <step title="Cleaning up temp files" date="2025-10-22T06:42:33.587" /><!-- duration: 640ms -->
            <step title="Reloading status file with latest updates" date="2025-10-22T06:42:34.594" >
              <step title="WebHooksManager.PublishEventAsync: PostDeployment" date="2025-10-22T06:42:34.689" /><!-- duration: 1956ms -->
            </step><!-- duration: 2100ms -->
            <step title="Cleaning up temporary deployment - fetch deployment was successful" date="2025-10-22T06:42:36.761" /><!-- duration: 82ms -->
          </step><!-- duration: 297800ms -->
        </step><!-- duration: 299922ms -->
        <step title="Outgoing response" date="2025-10-22T06:42:38.326" type="response" statusCode="200" statusText="OK" /><!-- duration: 76ms -->
      </step><!-- duration: 300881ms -->
