<step title="Incoming Request" date="2025-10-26T17:24:53.417" instance="10ec71" url="/api/deployments/latest" method="GET" type="request" pid="768,1,82" Accept="*/*" Host="my-chatbot-app-73d666.scm.azurewebsites.net" User-Agent="AZURECLI/2.77.0 (MSI)" Accept-Encoding="gzip, deflate" Authorization="Bas..." x-ms-client-request-id="9ab9bd55-b290-11f0-9ba7-1cce519a4abb" X-ARR-LOG-ID="9ab9bd55-b290-11f0-9ba7-1cce519a4abb" CLIENT-IP="149.22.84.167:15266" X-SITE-DEPLOYMENT-ID="my-chatbot-app-73d666" WAS-DEFAULT-HOSTNAME="my-chatbot-app-73d666.scm.azurewebsites.net" X-Forwarded-Proto="https" X-AppService-Proto="https" X-Forwarded-TlsVersion="1.3" X-WAWS-Unencoded-URL="/api/deployments/latest" X-Client-IP="149.22.84.167" X-Client-Port="15266" >
  <step title="Cleanup Xml Logs" date="2025-10-26T17:24:53.435" >
    <step title="Cleanup Infos" date="2025-10-26T17:24:53.590" totalFiles="354" totalCleanup="194" /><!-- duration: 66ms -->
  </step><!-- duration: 231ms -->
  <step title="DeploymentService.GetResult" date="2025-10-26T17:24:53.806" >
    <step title="DeploymentService.GetLatestDeployment" date="2025-10-26T17:24:53.823" >
      <step title="DeploymentManager.GetResults" date="2025-10-26T17:24:53.859" /><!-- duration: 2439ms -->
    </step><!-- duration: 2524ms -->
  </step><!-- duration: 2560ms -->
  <step title="Outgoing response" date="2025-10-26T17:24:56.399" type="response" statusCode="202" statusText="Accepted" /><!-- duration: 16ms -->
</step><!-- duration: 3007ms -->
