<step title="Incoming Request" date="2025-10-22T05:06:28.662" instance="10ec71" url="/api/publish?type=zip" method="POST" type="request" pid="778,1,19" Accept="*/*" Host="my-chatbot-app-73d666.scm.azurewebsites.net" User-Agent="AZURECLI/2.77.0 (MSI)" Accept-Encoding="gzip, deflate" Authorization="Bas..." Cache-Control="no-cache" Content-Type="application/octet-stream" Cookie="ARRAffinity=10ec71252d15acc549bd1b49685e9bce1d1247141bf9ff915402b1130345f15b; ARRAffinitySameSite=10ec71252d15acc549bd1b49685e9bce1d1247141bf9ff915402b1130345f15b" Content-Length="34168" x-ms-client-request-id="cf09bc8d-af04-11f0-b8a8-30138bc23e6b" x-ms-artifact-checksum="6b2e700ede7e0f53e09b499ea923e043298e7fedec0341212f55e8b8a2a3d3aa" X-ARR-LOG-ID="cf09bc8d-af04-11f0-b8a8-30138bc23e6b" CLIENT-IP="117.250.76.240:47256" X-SITE-DEPLOYMENT-ID="my-chatbot-app-73d666" WAS-DEFAULT-HOSTNAME="my-chatbot-app-73d666.scm.azurewebsites.net" X-Forwarded-Proto="https" X-AppService-Proto="https" X-Forwarded-TlsVersion="1.3" X-WAWS-Unencoded-URL="/api/publish?type=zip" X-Client-IP="117.250.76.240" X-Client-Port="47256" >
  <step title="Cleanup Xml Logs" date="2025-10-22T05:06:28.671" /><!-- duration: 19ms -->
  <step title="OneDeploy" date="2025-10-22T05:06:29.024" >
    <step title="None repository commit" date="2025-10-22T05:06:29.087" >
      <step title="Commit id: a42c98c3-dd59-417b-a91a-3a96ec184535" date="2025-10-22T05:06:29.096" Message="N/A" AuthorName="N/A" AuthorEmail="N/A" /><!-- duration: 10ms -->
    </step><!-- duration: 28ms -->
    <step title="Starting PushDeployAsync" date="2025-10-22T05:06:29.133" /><!-- duration: 11ms -->
    <step title="Writing artifact to /tmp/zipdeploy/efa67c2f-3a23-42e7-b897-727c2bed5abe.zip" date="2025-10-22T05:06:29.191" >
      <step title="Writing multipart request body to /tmp/zipdeploy/efa67c2f-3a23-42e7-b897-727c2bed5abe.zip" date="2025-10-22T05:06:29.229" /><!-- duration: 36ms -->
    </step><!-- duration: 186ms -->
    <step title="Removing previous build artifact&apos;s manifest file" date="2025-10-22T05:06:29.396" >
      <step title="Attempting to fetch target branch HEAD" date="2025-10-22T05:06:29.500" /><!-- duration: 21ms -->
      <step title="Acquiring Deployment Lock" date="2025-10-22T05:06:29.532" /><!-- duration: 20ms -->
      <step title="Acquired Deployment Lock" date="2025-10-22T05:06:29.660" /><!-- duration: 20ms -->
      <step title="Performing fetch based deployment" date="2025-10-22T05:06:29.718" >
        <step title="Creating temporary deployment" date="2025-10-22T05:06:29.744" /><!-- duration: 154ms -->
        <step title="Releasing Deployment Lock" date="2025-10-22T05:06:31.287" /><!-- duration: 17ms -->
        <step title="Cleaning up temp folders from previous zip deployments and extracting pushed zip file /tmp/zipdeploy/efa67c2f-3a23-42e7-b897-727c2bed5abe.zip (0.03 MB) to /tmp/zipdeploy/extracted" date="2025-10-22T05:06:31.436" >
          <step title="ChmodRecursive Process exited with total time taken in ms: 133" date="2025-10-22T05:06:31.686" /><!-- duration: 10ms -->
        </step><!-- duration: 305ms -->
        <step title="None repository commit" date="2025-10-22T05:06:31.760" >
          <step title="Commit id: a42c98c3-dd59-417b-a91a-3a96ec184535" date="2025-10-22T05:06:31.779" Message="OneDeploy" AuthorName="N/A" AuthorEmail="N/A" /><!-- duration: 9ms -->
        </step><!-- duration: 32ms -->
        <step title="Deployment timer started" date="2025-10-22T05:06:33.867" >
          <step title="DeploymentManager.Deploy(id:a42c98c3-dd59-417b-a91a-3a96ec184535)" date="2025-10-22T05:06:33.913" >
            <step title="Collecting changeset information" date="2025-10-22T05:06:33.980" /><!-- duration: 184ms -->
            <step title="Updating submodules" date="2025-10-22T05:06:34.184" /><!-- duration: 1244ms -->
            <step title="Determining deployment builder" date="2025-10-22T05:06:35.839" >
              <step title="Builder is OryxBuilder" date="2025-10-22T05:06:35.887" /><!-- duration: 9ms -->
            </step><!-- duration: 67ms -->
            <step title="PreDeployment: context.CleanOutputPath False" date="2025-10-22T05:06:36.049" >
              <step title="PreDeployment: context.OutputPath /home/site/wwwroot" date="2025-10-22T05:06:36.324" >
                <step title="Building" date="2025-10-22T05:06:36.682" >
                  <step title="Executing external process" date="2025-10-22T05:06:37.650" type="process" path="bash" arguments="-c &quot;oryx build /tmp/zipdeploy/extracted -o /home/site/wwwroot --platform python --platform-version 3.10 -p virtualenv_name=antenv --log-file /tmp/build-debug.log  -i /tmp/8de1128c67897d8 --compress-destination-dir | tee /tmp/oryx-build.log ; exit $PIPESTATUS &quot;" >
                    <step title="Cpu: gzip(876,4.330s)+tar(875,2.200s)+build.sh(865,0.040s)+oryx(835,7.530s)+tee(836,0.010s)+bash(834,0.010s)=total(14.030s)" date="2025-10-22T05:08:38.814" /><!-- duration: 65ms -->
                    <step title="bash: no io activity for 60s, prev-cpu=-1.000s, current-cpu=14.030s" date="2025-10-22T05:08:38.900" /><!-- duration: 19ms -->
                    <step title="Cpu: python3.10(969,7.360s)+python3.10(966,0.200s)+python3.10(965,0.160s)+build.sh(865,0.090s)+oryx(835,7.810s)+tee(836,0.010s)+bash(834,0.010s)=total(15.590s)" date="2025-10-22T05:09:54.831" /><!-- duration: 717ms -->
                    <step title="bash: no io activity for 61s, prev-cpu=-1.000s, current-cpu=15.590s" date="2025-10-22T05:09:55.920" /><!-- duration: 133ms -->
