<step title="Incoming Request" date="2025-10-25T11:19:17.061" instance="10ec71" url="/api/zipdeploy?isAsync=true" method="POST" type="request" pid="768,1,43" Accept="*/*" Host="my-chatbot-app-73d666.scm.azurewebsites.net" User-Agent="AZURECLI/2.77.0 (MSI)" Accept-Encoding="gzip, deflate" Authorization="Bas..." Cache-Control="no-cache" Content-Type="application/octet-stream" Content-Length="299691" x-ms-client-request-id="6bc72ce3-b194-11f0-9f37-1cce519a4abb" x-ms-artifact-checksum="9717d7ff7fb4687ddc5f0293ce145a7a0eadbf016ea8d998ad9eb4ee682c2f69" X-ARR-LOG-ID="6bc72ce3-b194-11f0-9f37-1cce519a4abb" CLIENT-IP="117.250.76.240:63685" X-SITE-DEPLOYMENT-ID="my-chatbot-app-73d666" WAS-DEFAULT-HOSTNAME="my-chatbot-app-73d666.scm.azurewebsites.net" X-Forwarded-Proto="https" X-AppService-Proto="https" X-Forwarded-TlsVersion="1.3" X-WAWS-Unencoded-URL="/api/zipdeploy?isAsync=true" X-Client-IP="117.250.76.240" X-Client-Port="63685" >
  <step title="Cleanup Xml Logs" date="2025-10-25T11:19:17.073" >
    <step title="Cleanup Infos" date="2025-10-25T11:19:17.097" totalFiles="238" totalCleanup="78" /><!-- duration: 10ms -->
  </step><!-- duration: 46ms -->
  <step title="ZipPushDeploy" date="2025-10-25T11:19:17.158" >
    <step title="ZipDeploy. Extract zip. Remote build." date="2025-10-25T11:19:17.176" /><!-- duration: 5ms -->
    <step title="Starting PushDeployAsync" date="2025-10-25T11:19:17.187" /><!-- duration: 7ms -->
    <step title="Writing artifact to /tmp/zipdeploy/6db1656f-ff37-48fb-933c-f8381c742987.zip" date="2025-10-25T11:19:17.204" >
      <step title="Writing multipart request body to /tmp/zipdeploy/6db1656f-ff37-48fb-933c-f8381c742987.zip" date="2025-10-25T11:19:17.209" /><!-- duration: 15ms -->
    </step><!-- duration: 1381ms -->
    <step title="Removing previous build artifact&apos;s manifest file" date="2025-10-25T11:19:18.599" >
      <step title="Start deployment in the background" date="2025-10-25T11:19:18.625" >
        <step title="Acquiring Deployment Lock" date="2025-10-25T11:19:18.654" /><!-- duration: 5ms -->
        <step title="Acquired Deployment Lock" date="2025-10-25T11:19:18.699" /><!-- duration: 6ms -->
      </step><!-- duration: 193ms -->
    </step><!-- duration: 245ms -->
    <step title="Outgoing response" date="2025-10-25T11:19:18.852" type="response" statusCode="202" statusText="Accepted" /><!-- duration: 5ms -->
  </step><!-- duration: 1706ms -->
