<step title="Incoming Request" date="2025-10-22T04:55:45.394" instance="10ec71" url="/api/zipdeploy?isAsync=true" method="POST" type="request" pid="772,1,62" Accept="*/*" Host="my-chatbot-app-73d666.scm.azurewebsites.net" User-Agent="AZURECLI/2.77.0 (MSI)" Accept-Encoding="gzip, deflate" Authorization="Bas..." Cache-Control="no-cache" Content-Type="application/octet-stream" Content-Length="34159" x-ms-client-request-id="55a060b8-af03-11f0-bb6d-30138bc23e6b" x-ms-artifact-checksum="d527aa2b766bd7d4ced5585767c0b1ba798aed370a5906abec811a429d4be62a" X-ARR-LOG-ID="55a060b8-af03-11f0-bb6d-30138bc23e6b" CLIENT-IP="117.250.76.240:56563" X-SITE-DEPLOYMENT-ID="my-chatbot-app-73d666" WAS-DEFAULT-HOSTNAME="my-chatbot-app-73d666.scm.azurewebsites.net" X-Forwarded-Proto="https" X-AppService-Proto="https" X-Forwarded-TlsVersion="1.3" X-WAWS-Unencoded-URL="/api/zipdeploy?isAsync=true" X-Client-IP="117.250.76.240" X-Client-Port="56563" >
  <step title="Cleanup Xml Logs" date="2025-10-22T04:55:45.508" /><!-- duration: 278ms -->
  <step title="ZipPushDeploy" date="2025-10-22T04:55:45.840" >
    <step title="ZipDeploy. Extract zip. Remote build." date="2025-10-22T04:55:45.874" /><!-- duration: 8ms -->
    <step title="Starting PushDeployAsync" date="2025-10-22T04:55:45.919" /><!-- duration: 8ms -->
    <step title="Writing artifact to /tmp/zipdeploy/31af8dd0-fabc-45cf-9231-8d68cbe92a94.zip" date="2025-10-22T04:55:46.006" >
      <step title="Writing multipart request body to /tmp/zipdeploy/31af8dd0-fabc-45cf-9231-8d68cbe92a94.zip" date="2025-10-22T04:55:46.033" /><!-- duration: 13ms -->
    </step><!-- duration: 187ms -->
    <step title="Removing previous build artifact&apos;s manifest file" date="2025-10-22T04:55:46.203" >
      <step title="Start deployment in the background" date="2025-10-22T04:55:46.238" >
        <step title="Acquiring Deployment Lock" date="2025-10-22T04:55:46.376" /><!-- duration: 27ms -->
        <step title="Acquired Deployment Lock" date="2025-10-22T04:55:46.485" /><!-- duration: 7ms -->
      </step><!-- duration: 380ms -->
    </step><!-- duration: 466ms -->
    <step title="Outgoing response" date="2025-10-22T04:55:46.681" type="response" statusCode="202" statusText="Accepted" /><!-- duration: 5ms -->
  </step><!-- duration: 853ms -->
