<step title="BackgroundTrace" date="2025-10-26T08:24:33.440" instance="10ec71" url="/api/zipdeploy" method="POST" >
  <step title="Creating temporary deployment - FetchDeploymentManager" date="2025-10-26T08:24:33.566" /><!-- duration: 5ms -->
  <step title="Creating temporary deployment" date="2025-10-26T08:24:33.577" /><!-- duration: 127ms -->
  <step title="Performing fetch based deployment" date="2025-10-26T08:24:33.792" >
    <step title="Cleaning up temp folders from previous zip deployments and extracting pushed zip file /tmp/zipdeploy/37e7bd6d-7d28-4786-9961-6e93e64e82e4.zip (0.29 MB) to /tmp/zipdeploy/extracted" date="2025-10-26T08:24:35.193" >
      <step title="ChmodRecursive Process exited with total time taken in ms: 328" date="2025-10-26T08:24:35.691" /><!-- duration: 21ms -->
    </step><!-- duration: 540ms -->
    <step title="Deployment timer started" date="2025-10-26T08:24:37.771" >
      <step title="DeploymentManager.Deploy(id:ac92d18d-c5ac-4f38-bced-ed8841ea15a4)" date="2025-10-26T08:24:37.807" >
        <step title="Collecting changeset information" date="2025-10-26T08:24:37.950" /><!-- duration: 147ms -->
        <step title="Updating submodules" date="2025-10-26T08:24:38.105" /><!-- duration: 1224ms -->
        <step title="Determining deployment builder" date="2025-10-26T08:24:39.567" >
          <step title="Builder is OryxBuilder" date="2025-10-26T08:24:39.590" /><!-- duration: 10ms -->
        </step><!-- duration: 38ms -->
        <step title="PreDeployment: context.CleanOutputPath False" date="2025-10-26T08:24:39.674" >
          <step title="PreDeployment: context.OutputPath /home/site/wwwroot" date="2025-10-26T08:24:39.800" >
            <step title="Building" date="2025-10-26T08:24:39.962" >
              <step title="Executing external process" date="2025-10-26T08:24:40.344" type="process" path="bash" arguments="-c &quot;oryx build /tmp/zipdeploy/extracted -o /home/site/wwwroot --platform python --platform-version 3.10 -p virtualenv_name=antenv --log-file /tmp/build-debug.log  -i /tmp/8de14691b58d3c0 --compress-destination-dir | tee /tmp/oryx-build.log ; exit $PIPESTATUS &quot;" >
                <step title="Cpu: python(1040,40.920s)+ts(1041,0.100s)+build.sh(1039,0.000s)+build.sh(1038,0.000s)+build.sh(940,0.070s)+oryx(920,4.980s)+tee(921,0.010s)+bash(919,0.010s)=total(46.090s)" date="2025-10-26T08:26:24.932" /><!-- duration: 37ms -->
                <step title="bash: no io activity for 61s, prev-cpu=-1.000s, current-cpu=46.090s" date="2025-10-26T08:26:25.000" /><!-- duration: 26ms -->
              </step><!-- duration: 247911ms -->
              <step title="Using PythonDeploymentLogParser" date="2025-10-26T08:28:49.115" /><!-- duration: 15ms -->
              <step title="Triggering recycle (preview mode disabled)." date="2025-10-26T08:28:50.658" /><!-- duration: 12ms -->
              <step title="Modified file to trigger a restart of the app container." date="2025-10-26T08:28:50.718" /><!-- duration: 6ms -->
              <step title="Skip function trigger and logicapp sync because function is not enabled." date="2025-10-26T08:28:50.752" /><!-- duration: 4ms -->
              <step title="Purge deployment items" date="2025-10-26T08:28:51.916" >
                <step title="Remove 7d1f91fd-, Success, received at 10/22/2025 07:26:30" date="2025-10-26T08:28:51.995" /><!-- duration: 5ms -->
              </step><!-- duration: 88ms -->
            </step><!-- duration: 252139ms -->
          </step><!-- duration: 252308ms -->
          <step title="Cleaning up temp files" date="2025-10-26T08:28:52.113" /><!-- duration: 3773ms -->
          <step title="Cleaning up temp files" date="2025-10-26T08:28:55.909" /><!-- duration: 511ms -->
          <step title="Reloading status file with latest updates" date="2025-10-26T08:28:56.454" >
            <step title="WebHooksManager.PublishEventAsync: PostDeployment" date="2025-10-26T08:28:56.460" /><!-- duration: 121ms -->
          </step><!-- duration: 132ms -->
          <step title="Cleaning up temporary deployment - fetch deployment was successful" date="2025-10-26T08:28:56.594" /><!-- duration: 5ms -->
        </step><!-- duration: 256991ms -->
      </step><!-- duration: 258882ms -->
