<step title="Incoming Request" date="2025-10-21T14:16:46.918" instance="10ec71" url="/api/publish?type=zip" method="POST" type="request" pid="772,1,20" Accept="*/*" Host="my-chatbot-app-73d666.scm.azurewebsites.net" User-Agent="AZURECLI/2.77.0 (MSI)" Accept-Encoding="gzip, deflate" Authorization="Bas..." Cache-Control="no-cache" Content-Type="application/octet-stream" Cookie="ARRAffinity=10ec71252d15acc549bd1b49685e9bce1d1247141bf9ff915402b1130345f15b; ARRAffinitySameSite=10ec71252d15acc549bd1b49685e9bce1d1247141bf9ff915402b1130345f15b" Content-Length="67449" x-ms-client-request-id="86e0fd14-ae88-11f0-8688-30138bc23e6b" x-ms-artifact-checksum="aeab8925c7b2c83a6d7a069e8f4a5369c84dd8dccb93d02a785183b35ee43a9e" X-ARR-LOG-ID="86e0fd14-ae88-11f0-8688-30138bc23e6b" CLIENT-IP="117.250.76.240:29771" X-SITE-DEPLOYMENT-ID="my-chatbot-app-73d666" WAS-DEFAULT-HOSTNAME="my-chatbot-app-73d666.scm.azurewebsites.net" X-Forwarded-Proto="https" X-AppService-Proto="https" X-Forwarded-TlsVersion="1.3" X-WAWS-Unencoded-URL="/api/publish?type=zip" X-Client-IP="117.250.76.240" X-Client-Port="29771" >
  <step title="OneDeploy" date="2025-10-21T14:16:46.937" >
    <step title="Starting PushDeployAsync" date="2025-10-21T14:16:46.982" /><!-- duration: 19ms -->
    <step title="Writing artifact to /tmp/zipdeploy/b2731ec3-5dd0-4d60-85f8-4cf5b8842a40.zip" date="2025-10-21T14:16:47.034" >
      <step title="Writing multipart request body to /tmp/zipdeploy/b2731ec3-5dd0-4d60-85f8-4cf5b8842a40.zip" date="2025-10-21T14:16:47.043" /><!-- duration: 16ms -->
    </step><!-- duration: 549ms -->
    <step title="Removing previous build artifact&apos;s manifest file" date="2025-10-21T14:16:47.593" >
      <step title="Attempting to fetch target branch HEAD" date="2025-10-21T14:16:47.621" /><!-- duration: 16ms -->
      <step title="Acquiring Deployment Lock" date="2025-10-21T14:16:47.650" /><!-- duration: 34ms -->
      <step title="Acquired Deployment Lock" date="2025-10-21T14:16:47.748" /><!-- duration: 14ms -->
      <step title="Performing fetch based deployment" date="2025-10-21T14:16:47.787" >
        <step title="Creating temporary deployment" date="2025-10-21T14:16:47.806" /><!-- duration: 102ms -->
        <step title="Releasing Deployment Lock" date="2025-10-21T14:16:49.108" /><!-- duration: 8ms -->
        <step title="Cleaning up temp folders from previous zip deployments and extracting pushed zip file /tmp/zipdeploy/b2731ec3-5dd0-4d60-85f8-4cf5b8842a40.zip (0.06 MB) to /tmp/zipdeploy/extracted" date="2025-10-21T14:16:49.163" >
          <step title="ChmodRecursive Process exited with total time taken in ms: 124" date="2025-10-21T14:16:49.421" /><!-- duration: 18ms -->
        </step><!-- duration: 293ms -->
        <step title="None repository commit" date="2025-10-21T14:16:49.466" >
          <step title="Commit id: fd287785-82e1-4ea9-bb4a-ee18783d8781" date="2025-10-21T14:16:49.477" Message="OneDeploy" AuthorName="N/A" AuthorEmail="N/A" /><!-- duration: 8ms -->
        </step><!-- duration: 23ms -->
        <step title="Deployment timer started" date="2025-10-21T14:16:51.503" >
          <step title="DeploymentManager.Deploy(id:fd287785-82e1-4ea9-bb4a-ee18783d8781)" date="2025-10-21T14:16:51.538" >
            <step title="Collecting changeset information" date="2025-10-21T14:16:51.596" /><!-- duration: 161ms -->
            <step title="Updating submodules" date="2025-10-21T14:16:51.782" /><!-- duration: 1149ms -->
            <step title="Determining deployment builder" date="2025-10-21T14:16:53.304" >
              <step title="Builder is OryxBuilder" date="2025-10-21T14:16:53.332" /><!-- duration: 10ms -->
            </step><!-- duration: 47ms -->
            <step title="PreDeployment: context.CleanOutputPath False" date="2025-10-21T14:16:53.447" >
              <step title="PreDeployment: context.OutputPath /home/site/wwwroot" date="2025-10-21T14:16:53.593" >
                <step title="Building" date="2025-10-21T14:16:53.745" >
                  <step title="Executing external process" date="2025-10-21T14:16:54.161" type="process" path="bash" arguments="-c &quot;oryx build /tmp/zipdeploy/extracted -o /home/site/wwwroot --platform python --platform-version 3.10 -p virtualenv_name=antenv --log-file /tmp/build-debug.log  -i /tmp/8de10ac7bfa8aa7 --compress-destination-dir | tee /tmp/oryx-build.log ; exit $PIPESTATUS &quot;" >
                    <step title="Cpu: python(1464,40.970s)+ts(1465,0.130s)+build.sh(1463,0.000s)+build.sh(1462,0.000s)+build.sh(1372,0.040s)+oryx(1355,3.370s)+tee(1356,0.000s)+bash(1354,0.010s)=total(44.500s)" date="2025-10-21T14:18:31.745" /><!-- duration: 19ms -->
                    <step title="bash: no io activity for 61s, prev-cpu=-1.000s, current-cpu=44.500s" date="2025-10-21T14:18:31.786" /><!-- duration: 36ms -->
                  </step><!-- duration: 223706ms -->
                  <step title="Using PythonDeploymentLogParser" date="2025-10-21T14:20:38.386" /><!-- duration: 4ms -->
                  <step title="Modified file to trigger a restart of the app container." date="2025-10-21T14:20:40.243" /><!-- duration: 3ms -->
                  <step title="Skip function trigger and logicapp sync because function is not enabled." date="2025-10-21T14:20:40.280" /><!-- duration: 10ms -->
                </step><!-- duration: 228922ms -->
              </step><!-- duration: 229101ms -->
              <step title="Cleaning up temp files" date="2025-10-21T14:20:42.710" /><!-- duration: 5803ms -->
              <step title="Cleaning up temp files" date="2025-10-21T14:20:48.522" /><!-- duration: 510ms -->
              <step title="Reloading status file with latest updates" date="2025-10-21T14:20:49.086" >
                <step title="WebHooksManager.PublishEventAsync: PostDeployment" date="2025-10-21T14:20:49.106" /><!-- duration: 72ms -->
              </step><!-- duration: 98ms -->
              <step title="Cleaning up temporary deployment - fetch deployment was successful" date="2025-10-21T14:20:49.198" /><!-- duration: 28ms -->
            </step><!-- duration: 235858ms -->
          </step><!-- duration: 237784ms -->
          <step title="Outgoing response" date="2025-10-21T14:20:49.351" type="response" statusCode="200" statusText="OK" /><!-- duration: 10ms -->
        </step><!-- duration: 237867ms -->
