<step title="Incoming Request" date="2025-10-27T07:03:30.795" instance="10ec71" url="/api/zipdeploy?isAsync=true" method="POST" type="request" pid="772,1,40" Accept="*/*" Host="my-chatbot-app-73d666.scm.azurewebsites.net" User-Agent="AZURECLI/2.77.0 (MSI)" Accept-Encoding="gzip, deflate" Authorization="Bas..." Cache-Control="no-cache" Content-Type="application/octet-stream" Content-Length="215649" x-ms-client-request-id="f61e3efd-b302-11f0-9c2c-1cce519a4abb" x-ms-artifact-checksum="8de6271d2b175ef60d0fd1ff66d772a8a267e2bd30f848e87efd6fcfba20f9ab" X-ARR-LOG-ID="f61e3efd-b302-11f0-9c2c-1cce519a4abb" CLIENT-IP="149.34.244.180:54758" X-SITE-DEPLOYMENT-ID="my-chatbot-app-73d666" WAS-DEFAULT-HOSTNAME="my-chatbot-app-73d666.scm.azurewebsites.net" X-Forwarded-Proto="https" X-AppService-Proto="https" X-Forwarded-TlsVersion="1.3" X-WAWS-Unencoded-URL="/api/zipdeploy?isAsync=true" X-Client-IP="149.34.244.180" X-Client-Port="54758" >
  <step title="Cleanup Xml Logs" date="2025-10-27T07:03:30.841" >
    <step title="Cleanup Infos" date="2025-10-27T07:03:30.881" totalFiles="402" totalCleanup="242" /><!-- duration: 46ms -->
  </step><!-- duration: 102ms -->
  <step title="ZipPushDeploy" date="2025-10-27T07:03:31.571" >
    <step title="ZipDeploy. Extract zip. Remote build." date="2025-10-27T07:03:31.604" /><!-- duration: 5ms -->
    <step title="None repository commit" date="2025-10-27T07:03:31.651" >
      <step title="Commit id: 46a12d45-675c-4b47-80c8-7a623e26342a" date="2025-10-27T07:03:31.659" Message="N/A" AuthorName="N/A" AuthorEmail="N/A" /><!-- duration: 9ms -->
    </step><!-- duration: 21ms -->
    <step title="Starting PushDeployAsync" date="2025-10-27T07:03:31.680" /><!-- duration: 5ms -->
    <step title="Writing artifact to /tmp/zipdeploy/a9a2b666-bf90-4e1e-9395-31d411b97523.zip" date="2025-10-27T07:03:31.809" >
      <step title="Writing multipart request body to /tmp/zipdeploy/a9a2b666-bf90-4e1e-9395-31d411b97523.zip" date="2025-10-27T07:03:31.841" /><!-- duration: 24ms -->
    </step><!-- duration: 264ms -->
    <step title="Start deployment in the background" date="2025-10-27T07:03:32.136" >
      <step title="Acquiring Deployment Lock" date="2025-10-27T07:03:32.183" /><!-- duration: 12ms -->
      <step title="Acquired Deployment Lock" date="2025-10-27T07:03:32.363" /><!-- duration: 5ms -->
    </step><!-- duration: 425ms -->
  </step><!-- duration: 1038ms -->
  <step title="Outgoing response" date="2025-10-27T07:03:32.638" type="response" statusCode="202" statusText="Accepted" /><!-- duration: 5ms -->
</step><!-- duration: 1852ms -->
