<step title="Incoming Request" date="2025-10-21T12:32:24.215" instance="10ec71" url="/api/publish?type=zip" method="POST" type="request" pid="770,1,20" Accept="*/*" Host="my-chatbot-app-73d666.scm.azurewebsites.net" User-Agent="AZURECLI/2.77.0 (MSI)" Accept-Encoding="gzip, deflate" Authorization="Bas..." Cache-Control="no-cache" Content-Type="application/octet-stream" Cookie="ARRAffinity=10ec71252d15acc549bd1b49685e9bce1d1247141bf9ff915402b1130345f15b; ARRAffinitySameSite=10ec71252d15acc549bd1b49685e9bce1d1247141bf9ff915402b1130345f15b" Content-Length="66261" x-ms-client-request-id="f20267a3-ae79-11f0-a0e7-30138bc23e6b" x-ms-artifact-checksum="1fcf766b3c4cdacb7dcc22f3c06e5ae06a1faf1e06cec1ebc3fe73fe13234a4a" X-ARR-LOG-ID="f20267a3-ae79-11f0-a0e7-30138bc23e6b" CLIENT-IP="117.250.76.240:44545" X-SITE-DEPLOYMENT-ID="my-chatbot-app-73d666" WAS-DEFAULT-HOSTNAME="my-chatbot-app-73d666.scm.azurewebsites.net" X-Forwarded-Proto="https" X-AppService-Proto="https" X-Forwarded-TlsVersion="1.3" X-WAWS-Unencoded-URL="/api/publish?type=zip" X-Client-IP="117.250.76.240" X-Client-Port="44545" >
  <step title="Cleanup Xml Logs" date="2025-10-21T12:32:24.227" /><!-- duration: 62ms -->
  <step title="OneDeploy" date="2025-10-21T12:32:24.472" >
    <step title="None repository commit" date="2025-10-21T12:32:24.540" >
      <step title="Commit id: e7a132a6-c237-4b59-bd29-0289d2892230" date="2025-10-21T12:32:24.575" Message="N/A" AuthorName="N/A" AuthorEmail="N/A" /><!-- duration: 12ms -->
    </step><!-- duration: 57ms -->
    <step title="Starting PushDeployAsync" date="2025-10-21T12:32:24.616" /><!-- duration: 16ms -->
    <step title="Writing artifact to /tmp/zipdeploy/3eefbe41-aef1-445d-b137-de94a48c5f16.zip" date="2025-10-21T12:32:25.286" >
      <step title="Writing multipart request body to /tmp/zipdeploy/3eefbe41-aef1-445d-b137-de94a48c5f16.zip" date="2025-10-21T12:32:25.332" /><!-- duration: 19ms -->
    </step><!-- duration: 656ms -->
    <step title="Attempting to fetch target branch HEAD" date="2025-10-21T12:32:26.068" /><!-- duration: 11ms -->
    <step title="Acquiring Deployment Lock" date="2025-10-21T12:32:26.126" /><!-- duration: 12ms -->
    <step title="Acquired Deployment Lock" date="2025-10-21T12:32:26.289" /><!-- duration: 19ms -->
    <step title="Performing fetch based deployment" date="2025-10-21T12:32:26.341" >
      <step title="Creating temporary deployment" date="2025-10-21T12:32:26.366" /><!-- duration: 271ms -->
      <step title="Releasing Deployment Lock" date="2025-10-21T12:32:28.120" /><!-- duration: 55ms -->
      <step title="Cleaning up temp folders from previous zip deployments and extracting pushed zip file /tmp/zipdeploy/3eefbe41-aef1-445d-b137-de94a48c5f16.zip (0.06 MB) to /tmp/zipdeploy/extracted" date="2025-10-21T12:32:28.302" >
        <step title="ChmodRecursive Process exited with total time taken in ms: 231" date="2025-10-21T12:32:28.771" /><!-- duration: 29ms -->
      </step><!-- duration: 514ms -->
      <step title="None repository commit" date="2025-10-21T12:32:28.837" >
        <step title="Commit id: e7a132a6-c237-4b59-bd29-0289d2892230" date="2025-10-21T12:32:28.846" Message="OneDeploy" AuthorName="N/A" AuthorEmail="N/A" /><!-- duration: 11ms -->
      </step><!-- duration: 39ms -->
      <step title="Deployment timer started" date="2025-10-21T12:32:31.194" >
        <step title="DeploymentManager.Deploy(id:e7a132a6-c237-4b59-bd29-0289d2892230)" date="2025-10-21T12:32:31.233" >
          <step title="Collecting changeset information" date="2025-10-21T12:32:31.322" /><!-- duration: 201ms -->
          <step title="Updating submodules" date="2025-10-21T12:32:31.559" /><!-- duration: 1151ms -->
          <step title="Determining deployment builder" date="2025-10-21T12:32:33.012" >
            <step title="Builder is OryxBuilder" date="2025-10-21T12:32:33.051" /><!-- duration: 14ms -->
          </step><!-- duration: 69ms -->
          <step title="PreDeployment: context.CleanOutputPath False" date="2025-10-21T12:32:33.157" >
            <step title="PreDeployment: context.OutputPath /home/site/wwwroot" date="2025-10-21T12:32:33.325" >
              <step title="Building" date="2025-10-21T12:32:33.495" >
                <step title="Executing external process" date="2025-10-21T12:32:34.000" type="process" path="bash" arguments="-c &quot;oryx build /tmp/zipdeploy/extracted -o /home/site/wwwroot --platform python --platform-version 3.11 -p virtualenv_name=antenv --log-file /tmp/build-debug.log  -i /tmp/8de109de89092d9 --compress-destination-dir | tee /tmp/oryx-build.log ; exit $PIPESTATUS &quot;" >
                  <step title="Cpu: python(975,38.020s)+ts(976,0.150s)+build.sh(974,0.000s)+build.sh(973,0.000s)+build.sh(876,0.080s)+oryx(853,6.350s)+tee(854,0.010s)+bash(852,0.000s)=total(44.600s)" date="2025-10-21T12:34:33.416" /><!-- duration: 40ms -->
                  <step title="bash: no io activity for 61s, prev-cpu=-1.000s, current-cpu=44.600s" date="2025-10-21T12:34:33.465" /><!-- duration: 10ms -->
                  <step title="Cpu: gzip(1097,26.380s)+sh(1096,0.000s)+tar(1095,3.280s)+build.sh(876,0.090s)+oryx(853,6.960s)+tee(854,0.010s)+bash(852,0.000s)=total(36.680s)" date="2025-10-21T12:37:16.966" /><!-- duration: 84ms -->
                  <step title="bash: no io activity for 60s, prev-cpu=-1.000s, current-cpu=36.680s" date="2025-10-21T12:37:17.155" /><!-- duration: 19ms -->
                </step><!-- duration: 346836ms -->
                <step title="Using PythonDeploymentLogParser" date="2025-10-21T12:38:21.710" /><!-- duration: 16ms -->
                <step title="Modified file to trigger a restart of the app container." date="2025-10-21T12:38:24.634" /><!-- duration: 7ms -->
                <step title="Skip function trigger and logicapp sync because function is not enabled." date="2025-10-21T12:38:24.671" /><!-- duration: 7ms -->
                <step title="Purge deployment items" date="2025-10-21T12:38:25.978" >
                  <step title="Remove temp-1f32, Pending, received at 10/21/2025 12:32:26" date="2025-10-21T12:38:26.084" /><!-- duration: 7ms -->
                  <step title="Remove temp-4f4d, Failed, received at 10/21/2025 12:29:00" date="2025-10-21T12:38:26.213" /><!-- duration: 4ms -->
                  <step title="Remove 488fb2c0-, Failed, received at 10/21/2025 12:25:30" date="2025-10-21T12:38:26.329" /><!-- duration: 8ms -->
                  <step title="Remove temp-0b10, Failed, received at 10/21/2025 12:25:26" date="2025-10-21T12:38:26.420" /><!-- duration: 12ms -->
                  <step title="Remove 762da3d5-, Failed, received at 10/21/2025 12:21:08" date="2025-10-21T12:38:26.531" /><!-- duration: 7ms -->
                </step><!-- duration: 565ms -->
              </step><!-- duration: 353136ms -->
            </step><!-- duration: 353312ms -->
            <step title="Cleaning up temp files" date="2025-10-21T12:38:26.644" /><!-- duration: 8947ms -->
            <step title="Cleaning up temp files" date="2025-10-21T12:38:35.598" /><!-- duration: 515ms -->
            <step title="Reloading status file with latest updates" date="2025-10-21T12:38:36.205" >
              <step title="WebHooksManager.PublishEventAsync: PostDeployment" date="2025-10-21T12:38:36.215" /><!-- duration: 675ms -->
            </step><!-- duration: 700ms -->
            <step title="Cleaning up temporary deployment - fetch deployment was successful" date="2025-10-21T12:38:36.996" /><!-- duration: 5ms -->
          </step><!-- duration: 363942ms -->
        </step><!-- duration: 365888ms -->
        <step title="Outgoing response" date="2025-10-21T12:38:37.146" type="response" statusCode="200" statusText="OK" /><!-- duration: 11ms -->
      </step><!-- duration: 365979ms -->
