<step title="Incoming Request" date="2025-10-26T09:12:36.941" instance="10ec71" url="/api/deployments/latest" method="GET" type="request" pid="768,1,19" Accept="*/*" Host="my-chatbot-app-73d666.scm.azurewebsites.net" User-Agent="AZURECLI/2.77.0 (MSI)" Accept-Encoding="gzip, deflate" Authorization="Bas..." x-ms-client-request-id="d2265568-b24b-11f0-9978-1cce519a4abb" X-ARR-LOG-ID="d2265568-b24b-11f0-9978-1cce519a4abb" CLIENT-IP="149.22.84.168:14793" X-SITE-DEPLOYMENT-ID="my-chatbot-app-73d666" WAS-DEFAULT-HOSTNAME="my-chatbot-app-73d666.scm.azurewebsites.net" X-Forwarded-Proto="https" X-AppService-Proto="https" X-Forwarded-TlsVersion="1.3" X-WAWS-Unencoded-URL="/api/deployments/latest" X-Client-IP="149.22.84.168" X-Client-Port="14793" >
  <step title="Cleanup Xml Logs" date="2025-10-26T09:12:36.946" >
    <step title="Cleanup Infos" date="2025-10-26T09:12:36.984" totalFiles="340" totalCleanup="180" /><!-- duration: 13ms -->
  </step><!-- duration: 68ms -->
  <step title="DeploymentService.GetResult" date="2025-10-26T09:12:37.379" >
    <step title="DeploymentService.GetLatestDeployment" date="2025-10-26T09:12:37.399" >
      <step title="DeploymentManager.GetResults" date="2025-10-26T09:12:37.417" /><!-- duration: 1669ms -->
    </step><!-- duration: 1745ms -->
  </step><!-- duration: 1783ms -->
  <step title="Outgoing response" date="2025-10-26T09:12:39.571" type="response" statusCode="202" statusText="Accepted" /><!-- duration: 17ms -->
</step><!-- duration: 2668ms -->
