<step title="Incoming Request" date="2025-10-22T05:59:11.849" instance="10ec71" url="/api/publish?type=zip" method="POST" type="request" pid="770,1,17" Accept="*/*" Host="my-chatbot-app-73d666.scm.azurewebsites.net" User-Agent="AZURECLI/2.77.0 (MSI)" Accept-Encoding="gzip, deflate" Authorization="Bas..." Cache-Control="no-cache" Content-Type="application/octet-stream" Cookie="ARRAffinity=10ec71252d15acc549bd1b49685e9bce1d1247141bf9ff915402b1130345f15b; ARRAffinitySameSite=10ec71252d15acc549bd1b49685e9bce1d1247141bf9ff915402b1130345f15b" Content-Length="34314" x-ms-client-request-id="2561d9f3-af0c-11f0-8a67-30138bc23e6b" x-ms-artifact-checksum="41abcf662ef83fbabec48b646883262580d44971b1ba78492773691b53559e46" X-ARR-LOG-ID="2561d9f3-af0c-11f0-8a67-30138bc23e6b" CLIENT-IP="117.250.76.240:35923" X-SITE-DEPLOYMENT-ID="my-chatbot-app-73d666" WAS-DEFAULT-HOSTNAME="my-chatbot-app-73d666.scm.azurewebsites.net" X-Forwarded-Proto="https" X-AppService-Proto="https" X-Forwarded-TlsVersion="1.3" X-WAWS-Unencoded-URL="/api/publish?type=zip" X-Client-IP="117.250.76.240" X-Client-Port="35923" >
  <step title="Cleanup Xml Logs" date="2025-10-22T05:59:11.853" /><!-- duration: 10ms -->
  <step title="OneDeploy" date="2025-10-22T05:59:12.044" >
    <step title="None repository commit" date="2025-10-22T05:59:12.100" >
      <step title="Commit id: 31d1626b-3ce4-4b3b-a23e-880a4308c518" date="2025-10-22T05:59:12.127" Message="N/A" AuthorName="N/A" AuthorEmail="N/A" /><!-- duration: 10ms -->
    </step><!-- duration: 44ms -->
    <step title="Starting PushDeployAsync" date="2025-10-22T05:59:12.156" /><!-- duration: 9ms -->
    <step title="Writing artifact to /tmp/zipdeploy/54f4104c-e38b-49a6-ac30-01ec24268b59.zip" date="2025-10-22T05:59:12.207" >
      <step title="Writing multipart request body to /tmp/zipdeploy/54f4104c-e38b-49a6-ac30-01ec24268b59.zip" date="2025-10-22T05:59:12.215" /><!-- duration: 10ms -->
    </step><!-- duration: 103ms -->
    <step title="Removing previous build artifact&apos;s manifest file" date="2025-10-22T05:59:12.323" >
      <step title="Attempting to fetch target branch HEAD" date="2025-10-22T05:59:12.345" /><!-- duration: 4ms -->
      <step title="Acquiring Deployment Lock" date="2025-10-22T05:59:12.355" /><!-- duration: 11ms -->
      <step title="Acquired Deployment Lock" date="2025-10-22T05:59:12.419" /><!-- duration: 3ms -->
      <step title="Performing fetch based deployment" date="2025-10-22T05:59:12.433" >
        <step title="Creating temporary deployment" date="2025-10-22T05:59:12.439" /><!-- duration: 66ms -->
        <step title="Releasing Deployment Lock" date="2025-10-22T05:59:13.710" /><!-- duration: 15ms -->
        <step title="Cleaning up temp folders from previous zip deployments and extracting pushed zip file /tmp/zipdeploy/54f4104c-e38b-49a6-ac30-01ec24268b59.zip (0.03 MB) to /tmp/zipdeploy/extracted" date="2025-10-22T05:59:13.802" >
          <step title="ChmodRecursive Process exited with total time taken in ms: 116" date="2025-10-22T05:59:14.066" /><!-- duration: 17ms -->
        </step><!-- duration: 293ms -->
        <step title="None repository commit" date="2025-10-22T05:59:14.122" >
          <step title="Commit id: 31d1626b-3ce4-4b3b-a23e-880a4308c518" date="2025-10-22T05:59:14.132" Message="OneDeploy" AuthorName="N/A" AuthorEmail="N/A" /><!-- duration: 4ms -->
        </step><!-- duration: 18ms -->
        <step title="Deployment timer started" date="2025-10-22T05:59:16.387" >
          <step title="DeploymentManager.Deploy(id:31d1626b-3ce4-4b3b-a23e-880a4308c518)" date="2025-10-22T05:59:16.427" >
            <step title="Collecting changeset information" date="2025-10-22T05:59:16.528" /><!-- duration: 247ms -->
            <step title="Updating submodules" date="2025-10-22T05:59:16.797" /><!-- duration: 1419ms -->
            <step title="Determining deployment builder" date="2025-10-22T05:59:18.840" >
              <step title="Builder is OryxBuilder" date="2025-10-22T05:59:18.899" /><!-- duration: 17ms -->
            </step><!-- duration: 144ms -->
            <step title="PreDeployment: context.CleanOutputPath False" date="2025-10-22T05:59:19.124" >
              <step title="PreDeployment: context.OutputPath /home/site/wwwroot" date="2025-10-22T05:59:19.563" >
                <step title="Building" date="2025-10-22T05:59:19.805" >
                  <step title="Executing external process" date="2025-10-22T05:59:20.954" type="process" path="bash" arguments="-c &quot;oryx build /tmp/zipdeploy/extracted -o /home/site/wwwroot --platform python --platform-version 3.10 -p virtualenv_name=antenv --log-file /tmp/build-debug.log  -i /tmp/8de113023d344bd --compress-destination-dir | tee /tmp/oryx-build.log ; exit $PIPESTATUS &quot;" >
                    <step title="Cpu: python(923,37.850s)+ts(924,0.160s)+build.sh(922,0.000s)+build.sh(921,0.000s)+build.sh(822,0.120s)+oryx(800,6.740s)+tee(801,0.000s)+bash(799,0.000s)=total(44.860s)" date="2025-10-22T06:01:43.385" /><!-- duration: 25ms -->
                    <step title="bash: no io activity for 60s, prev-cpu=-1.000s, current-cpu=44.860s" date="2025-10-22T06:01:43.451" /><!-- duration: 47ms -->
                    <step title="Error occurred" date="2025-10-22T06:02:45.609" type="error" text="GetParentProcessLinux (1012) failed.: Could not find a part of the path &apos;/proc/1012/stat&apos;." stackTrace="   at Interop.ThrowExceptionForIoErrno(ErrorInfo errorInfo, String path, Boolean isDirError)
   at Microsoft.Win32.SafeHandles.SafeFileHandle.Open(String fullPath, FileMode mode, FileAccess access, FileShare share, FileOptions options, Int64 preallocationSize, UnixFileMode openPermissions, Int64&amp; fileLength, UnixFileMode&amp; filePermissions, Boolean failForSymlink, Boolean&amp; wasSymlink, Func`4 createOpenException)
   at System.IO.Strategies.OSFileStreamStrategy..ctor(String path, FileMode mode, FileAccess access, FileShare share, FileOptions options, Int64 preallocationSize, Nullable`1 unixCreateMode)
   at System.IO.StreamReader.ValidateArgsAndOpenPath(String path, Encoding encoding, Int32 bufferSize)
   at System.IO.File.ReadLines(String path)
   at Kudu.Core.Infrastructure.ProcessExtensions.GetParentProcessLinux(Process process, ITracer tracer) in /tmp/KuduLite/Kudu.Core/Infrastructure/ProcessExtensions.cs:line 155" /><!-- duration: 65ms -->
                    <step title="Cpu: python(923,64.650s)+ts(924,0.160s)+build.sh(922,0.000s)+build.sh(921,0.000s)+build.sh(822,0.120s)+oryx(800,6.770s)+tee(801,0.000s)+bash(799,0.000s)=total(71.700s)" date="2025-10-22T06:02:45.935" /><!-- duration: 25ms -->
                    <step title="bash: no io activity for 121s, prev-cpu=44.860s, current-cpu=71.700s" date="2025-10-22T06:02:46.069" /><!-- duration: 54ms -->
                  </step><!-- duration: 329511ms -->
                  <step title="Using PythonDeploymentLogParser" date="2025-10-22T06:04:51.139" /><!-- duration: 4ms -->
                  <step title="Modified file to trigger a restart of the app container." date="2025-10-22T06:04:53.365" /><!-- duration: 6ms -->
                  <step title="Skip function trigger and logicapp sync because function is not enabled." date="2025-10-22T06:04:53.392" /><!-- duration: 6ms -->
                  <step title="Purge deployment items" date="2025-10-22T06:04:54.937" >
                    <step title="Remove a97d4ca8-, Failed, received at 10/22/2025 05:49:34" date="2025-10-22T06:04:55.023" /><!-- duration: 7ms -->
                    <step title="Remove temp-b23d, Failed, received at 10/22/2025 05:49:30" date="2025-10-22T06:04:55.100" /><!-- duration: 5ms -->
                    <step title="Remove 19917087-, Success, received at 10/21/2025 12:59:08" date="2025-10-22T06:04:55.192" /><!-- duration: 4ms -->
                  </step><!-- duration: 262ms -->
                </step><!-- duration: 335529ms -->
              </step><!-- duration: 335786ms -->
              <step title="Cleaning up temp files" date="2025-10-22T06:04:55.356" /><!-- duration: 4232ms -->
              <step title="Cleaning up temp files" date="2025-10-22T06:04:59.596" /><!-- duration: 509ms -->
              <step title="Reloading status file with latest updates" date="2025-10-22T06:05:00.132" >
                <step title="WebHooksManager.PublishEventAsync: PostDeployment" date="2025-10-22T06:05:00.138" /><!-- duration: 228ms -->
              </step><!-- duration: 245ms -->
              <step title="Cleaning up temporary deployment - fetch deployment was successful" date="2025-10-22T06:05:00.393" /><!-- duration: 4ms -->
            </step><!-- duration: 341329ms -->
          </step><!-- duration: 344060ms -->
          <step title="Outgoing response" date="2025-10-22T06:05:00.540" type="response" statusCode="200" statusText="OK" /><!-- duration: 11ms -->
        </step><!-- duration: 344167ms -->
