<step title="BackgroundTrace" date="2025-10-26T09:12:22.987" instance="10ec71" url="/api/zipdeploy" method="POST" >
  <step title="Cleanup Xml Logs" date="2025-10-26T09:12:23.026" >
    <step title="Cleanup Infos" date="2025-10-26T09:12:23.081" totalFiles="339" totalCleanup="179" /><!-- duration: 19ms -->
  </step><!-- duration: 85ms -->
  <step title="Creating temporary deployment - FetchDeploymentManager" date="2025-10-26T09:12:23.723" /><!-- duration: 9ms -->
  <step title="Creating temporary deployment" date="2025-10-26T09:12:23.742" /><!-- duration: 294ms -->
  <step title="Performing fetch based deployment" date="2025-10-26T09:12:24.412" >
    <step title="Cleaning up temp folders from previous zip deployments and extracting pushed zip file /tmp/zipdeploy/f81ad050-aa95-49fb-9c46-a07235d63e44.zip (0.01 MB) to /tmp/zipdeploy/extracted" date="2025-10-26T09:12:26.159" >
      <step title="ChmodRecursive Process exited with total time taken in ms: 263" date="2025-10-26T09:12:26.515" /><!-- duration: 40ms -->
    </step><!-- duration: 417ms -->
    <step title="Deployment timer started" date="2025-10-26T09:12:28.663" >
      <step title="DeploymentManager.Deploy(id:f23fb171-072c-45ed-b1ca-c095fb670990)" date="2025-10-26T09:12:28.682" >
        <step title="Collecting changeset information" date="2025-10-26T09:12:28.723" /><!-- duration: 145ms -->
        <step title="Updating submodules" date="2025-10-26T09:12:28.877" /><!-- duration: 1153ms -->
        <step title="Determining deployment builder" date="2025-10-26T09:12:30.337" >
          <step title="Builder is OryxBuilder" date="2025-10-26T09:12:30.368" /><!-- duration: 10ms -->
        </step><!-- duration: 50ms -->
        <step title="PreDeployment: context.CleanOutputPath False" date="2025-10-26T09:12:30.463" >
          <step title="PreDeployment: context.OutputPath /home/site/wwwroot" date="2025-10-26T09:12:30.628" >
            <step title="Building" date="2025-10-26T09:12:30.770" >
              <step title="Executing external process" date="2025-10-26T09:12:31.333" type="process" path="bash" arguments="-c &quot;oryx build /tmp/zipdeploy/extracted -o /home/site/wwwroot --platform python --platform-version 3.10 -p virtualenv_name=antenv --log-file /tmp/build-debug.log  -i /tmp/8de146fca780b94 --compress-destination-dir | tee /tmp/oryx-build.log ; exit $PIPESTATUS &quot;" /><!-- duration: 57459ms -->
              <step title="Using PythonDeploymentLogParser" date="2025-10-26T09:13:29.341" /><!-- duration: 8ms -->
              <step title="Triggering recycle (preview mode disabled)." date="2025-10-26T09:13:30.678" /><!-- duration: 16ms -->
              <step title="Modified file to trigger a restart of the app container." date="2025-10-26T09:13:30.734" /><!-- duration: 5ms -->
              <step title="Skip function trigger and logicapp sync because function is not enabled." date="2025-10-26T09:13:30.750" /><!-- duration: 10ms -->
              <step title="Purge deployment items" date="2025-10-26T09:13:32.168" >
                <step title="Remove 2a206385-, Failed, received at 10/26/2025 08:48:51" date="2025-10-26T09:13:32.232" /><!-- duration: 4ms -->
                <step title="Remove temp-1d3e, Failed, received at 10/26/2025 08:48:35" date="2025-10-26T09:13:32.301" /><!-- duration: 3ms -->
                <step title="Remove 679d0409-, Success, received at 10/25/2025 08:42:37" date="2025-10-26T09:13:32.387" /><!-- duration: 4ms -->
              </step><!-- duration: 228ms -->
            </step><!-- duration: 61698ms -->
          </step><!-- duration: 61845ms -->
          <step title="Cleaning up temp files" date="2025-10-26T09:13:32.477" /><!-- duration: 1869ms -->
          <step title="Cleaning up temp files" date="2025-10-26T09:13:34.365" /><!-- duration: 548ms -->
          <step title="Reloading status file with latest updates" date="2025-10-26T09:13:34.959" >
            <step title="WebHooksManager.PublishEventAsync: PostDeployment" date="2025-10-26T09:13:34.990" /><!-- duration: 127ms -->
          </step><!-- duration: 170ms -->
          <step title="Cleaning up temporary deployment - fetch deployment was successful" date="2025-10-26T09:13:35.151" /><!-- duration: 18ms -->
        </step><!-- duration: 64807ms -->
      </step><!-- duration: 66629ms -->
