<step title="Incoming Request" date="2025-10-27T06:08:23.896" instance="10ec71" url="/api/deployments/latest" method="GET" type="request" pid="772,1,34" Accept="*/*" Host="my-chatbot-app-73d666.scm.azurewebsites.net" User-Agent="AZURECLI/2.77.0 (MSI)" Accept-Encoding="gzip, deflate" Authorization="Bas..." x-ms-client-request-id="497393e5-b2fb-11f0-9b02-1cce519a4abb" X-ARR-LOG-ID="497393e5-b2fb-11f0-9b02-1cce519a4abb" CLIENT-IP="117.250.76.240:53677" X-SITE-DEPLOYMENT-ID="my-chatbot-app-73d666" WAS-DEFAULT-HOSTNAME="my-chatbot-app-73d666.scm.azurewebsites.net" X-Forwarded-Proto="https" X-AppService-Proto="https" X-Forwarded-TlsVersion="1.3" X-WAWS-Unencoded-URL="/api/deployments/latest" X-Client-IP="117.250.76.240" X-Client-Port="53677" >
  <step title="Cleanup Xml Logs" date="2025-10-27T06:08:23.925" >
    <step title="Cleanup Infos" date="2025-10-27T06:08:24.041" totalFiles="382" totalCleanup="222" /><!-- duration: 9ms -->
  </step><!-- duration: 148ms -->
  <step title="DeploymentService.GetResult" date="2025-10-27T06:08:24.118" >
    <step title="DeploymentService.GetLatestDeployment" date="2025-10-27T06:08:24.128" >
      <step title="DeploymentManager.GetResults" date="2025-10-27T06:08:24.150" /><!-- duration: 2132ms -->
    </step><!-- duration: 2165ms -->
  </step><!-- duration: 2183ms -->
  <step title="Outgoing response" date="2025-10-27T06:08:26.306" type="response" statusCode="202" statusText="Accepted" /><!-- duration: 5ms -->
</step><!-- duration: 2418ms -->
