<step title="Incoming Request" date="2025-10-21T12:59:01.655" instance="10ec71" url="/api/publish?type=zip" method="POST" type="request" pid="768,1,19" Accept="*/*" Host="my-chatbot-app-73d666.scm.azurewebsites.net" User-Agent="AZURECLI/2.77.0 (MSI)" Accept-Encoding="gzip, deflate" Authorization="Bas..." Cache-Control="no-cache" Content-Type="application/octet-stream" Cookie="ARRAffinity=10ec71252d15acc549bd1b49685e9bce1d1247141bf9ff915402b1130345f15b; ARRAffinitySameSite=10ec71252d15acc549bd1b49685e9bce1d1247141bf9ff915402b1130345f15b" Content-Length="155593" x-ms-client-request-id="a98b2d0e-ae7d-11f0-905d-30138bc23e6b" x-ms-artifact-checksum="3dce75ce760509e6404d99b643f6e9558b8ecddc9608a20dad90052a7287c8ad" X-ARR-LOG-ID="a98b2d0e-ae7d-11f0-905d-30138bc23e6b" CLIENT-IP="117.250.76.240:40597" X-SITE-DEPLOYMENT-ID="my-chatbot-app-73d666" WAS-DEFAULT-HOSTNAME="my-chatbot-app-73d666.scm.azurewebsites.net" X-Forwarded-Proto="https" X-AppService-Proto="https" X-Forwarded-TlsVersion="1.3" X-WAWS-Unencoded-URL="/api/publish?type=zip" X-Client-IP="117.250.76.240" X-Client-Port="40597" >
  <step title="OneDeploy" date="2025-10-21T12:59:02.656" >
    <step title="None repository commit" date="2025-10-21T12:59:02.806" >
      <step title="Commit id: 19917087-f2db-46a3-86e8-f4a518c47103" date="2025-10-21T12:59:02.824" Message="N/A" AuthorName="N/A" AuthorEmail="N/A" /><!-- duration: 10ms -->
    </step><!-- duration: 45ms -->
    <step title="Starting PushDeployAsync" date="2025-10-21T12:59:02.870" /><!-- duration: 18ms -->
    <step title="Writing artifact to /tmp/zipdeploy/4f1a8bf9-44ff-40f4-a749-9646c0b06141.zip" date="2025-10-21T12:59:03.080" >
      <step title="Writing multipart request body to /tmp/zipdeploy/4f1a8bf9-44ff-40f4-a749-9646c0b06141.zip" date="2025-10-21T12:59:03.105" /><!-- duration: 19ms -->
    </step><!-- duration: 749ms -->
    <step title="Removing previous build artifact&apos;s manifest file" date="2025-10-21T12:59:03.857" >
      <step title="Attempting to fetch target branch HEAD" date="2025-10-21T12:59:03.930" /><!-- duration: 21ms -->
      <step title="Acquiring Deployment Lock" date="2025-10-21T12:59:03.967" /><!-- duration: 21ms -->
      <step title="Acquired Deployment Lock" date="2025-10-21T12:59:04.282" /><!-- duration: 19ms -->
      <step title="Performing fetch based deployment" date="2025-10-21T12:59:04.393" >
        <step title="Creating temporary deployment" date="2025-10-21T12:59:04.431" /><!-- duration: 276ms -->
        <step title="Releasing Deployment Lock" date="2025-10-21T12:59:05.945" /><!-- duration: 7ms -->
        <step title="Cleaning up temp folders from previous zip deployments and extracting pushed zip file /tmp/zipdeploy/4f1a8bf9-44ff-40f4-a749-9646c0b06141.zip (0.15 MB) to /tmp/zipdeploy/extracted" date="2025-10-21T12:59:06.035" >
          <step title="ChmodRecursive Process exited with total time taken in ms: 141" date="2025-10-21T12:59:06.309" /><!-- duration: 30ms -->
        </step><!-- duration: 323ms -->
        <step title="None repository commit" date="2025-10-21T12:59:06.375" >
          <step title="Commit id: 19917087-f2db-46a3-86e8-f4a518c47103" date="2025-10-21T12:59:06.393" Message="OneDeploy" AuthorName="N/A" AuthorEmail="N/A" /><!-- duration: 4ms -->
        </step><!-- duration: 25ms -->
        <step title="Deployment timer started" date="2025-10-21T12:59:08.442" >
          <step title="DeploymentManager.Deploy(id:19917087-f2db-46a3-86e8-f4a518c47103)" date="2025-10-21T12:59:08.454" >
            <step title="Collecting changeset information" date="2025-10-21T12:59:08.503" /><!-- duration: 144ms -->
            <step title="Updating submodules" date="2025-10-21T12:59:08.675" /><!-- duration: 1182ms -->
            <step title="Determining deployment builder" date="2025-10-21T12:59:10.621" >
              <step title="Builder is OryxBuilder" date="2025-10-21T12:59:10.678" /><!-- duration: 18ms -->
            </step><!-- duration: 86ms -->
            <step title="PreDeployment: context.CleanOutputPath False" date="2025-10-21T12:59:10.792" >
              <step title="PreDeployment: context.OutputPath /home/site/wwwroot" date="2025-10-21T12:59:11.059" >
                <step title="Building" date="2025-10-21T12:59:11.311" >
                  <step title="Executing external process" date="2025-10-21T12:59:11.905" type="process" path="bash" arguments="-c &quot;oryx build /tmp/zipdeploy/extracted -o /home/site/wwwroot --platform python --platform-version 3.11 -p virtualenv_name=antenv --log-file /tmp/build-debug.log  -i /tmp/8de10a1a0d407f8 --compress-destination-dir | tee /tmp/oryx-build.log ; exit $PIPESTATUS &quot;" >
                    <step title="Cpu: python(1099,35.290s)+ts(1100,0.150s)+build.sh(1098,0.000s)+build.sh(1097,0.000s)+build.sh(979,0.130s)+oryx(958,4.130s)+tee(959,0.000s)+bash(957,0.000s)=total(39.680s)" date="2025-10-21T13:01:16.258" /><!-- duration: 47ms -->
                    <step title="bash: no io activity for 61s, prev-cpu=-1.000s, current-cpu=39.680s" date="2025-10-21T13:01:16.323" /><!-- duration: 37ms -->
                    <step title="Cpu: python(1099,74.120s)+ts(1100,0.150s)+build.sh(1098,0.000s)+build.sh(1097,0.000s)+build.sh(979,0.130s)+oryx(958,4.630s)+tee(959,0.000s)+bash(957,0.000s)=total(79.020s)" date="2025-10-21T13:02:16.877" /><!-- duration: 28ms -->
                    <step title="bash: no io activity for 122s, prev-cpu=39.680s, current-cpu=79.020s" date="2025-10-21T13:02:16.923" /><!-- duration: 27ms -->
                    <step title="Cpu: gzip(1220,37.300s)+sh(1219,0.000s)+tar(1218,3.570s)+build.sh(979,0.160s)+oryx(958,6.110s)+tee(959,0.000s)+bash(957,0.000s)=total(47.120s)" date="2025-10-21T13:04:13.717" /><!-- duration: 35ms -->
                    <step title="bash: no io activity for 60s, prev-cpu=-1.000s, current-cpu=47.120s" date="2025-10-21T13:04:13.772" /><!-- duration: 39ms -->
                  </step><!-- duration: 303918ms -->
                  <step title="Using PythonDeploymentLogParser" date="2025-10-21T13:04:16.826" /><!-- duration: 5ms -->
                  <step title="Modified file to trigger a restart of the app container." date="2025-10-21T13:04:18.684" /><!-- duration: 5ms -->
                  <step title="Skip function trigger and logicapp sync because function is not enabled." date="2025-10-21T13:04:18.729" /><!-- duration: 6ms -->
                  <step title="Purge deployment items" date="2025-10-21T13:04:19.764" >
                    <step title="Remove 7fce3f47-, Failed, received at 10/21/2025 12:29:06" date="2025-10-21T13:04:19.831" /><!-- duration: 25ms -->
                  </step><!-- duration: 95ms -->
                </step><!-- duration: 308672ms -->
              </step><!-- duration: 308956ms -->
              <step title="Cleaning up temp files" date="2025-10-21T13:04:20.021" /><!-- duration: 5313ms -->
              <step title="Cleaning up temp files" date="2025-10-21T13:04:25.345" /><!-- duration: 517ms -->
              <step title="Reloading status file with latest updates" date="2025-10-21T13:04:25.937" >
                <step title="WebHooksManager.PublishEventAsync: PostDeployment" date="2025-10-21T13:04:25.950" /><!-- duration: 292ms -->
              </step><!-- duration: 335ms -->
              <step title="Cleaning up temporary deployment - fetch deployment was successful" date="2025-10-21T13:04:26.320" /><!-- duration: 9ms -->
            </step><!-- duration: 316094ms -->
          </step><!-- duration: 318492ms -->
          <step title="Outgoing response" date="2025-10-21T13:04:27.059" type="response" statusCode="200" statusText="OK" /><!-- duration: 9ms -->
        </step><!-- duration: 318638ms -->
