<step title="Incoming Request" date="2025-10-25T11:06:46.649" instance="10ec71" url="/api/publish?type=zip" method="POST" type="request" pid="768,1,37" Accept="*/*" Host="my-chatbot-app-73d666.scm.azurewebsites.net" User-Agent="AZURECLI/2.77.0 (MSI)" Accept-Encoding="gzip, deflate" Authorization="Bas..." Cache-Control="no-cache" Content-Type="application/octet-stream" Cookie="ARRAffinity=10ec71252d15acc549bd1b49685e9bce1d1247141bf9ff915402b1130345f15b; ARRAffinitySameSite=10ec71252d15acc549bd1b49685e9bce1d1247141bf9ff915402b1130345f15b" Content-Length="298176" x-ms-client-request-id="a5aac286-b192-11f0-a48e-1cce519a4abb" x-ms-artifact-checksum="dfee66fd2e0faed39c5df8750e7e352a87125b600beb34efcfbcc8ffe6c7b019" X-ARR-LOG-ID="a5aac286-b192-11f0-a48e-1cce519a4abb" CLIENT-IP="117.250.76.240:2841" X-SITE-DEPLOYMENT-ID="my-chatbot-app-73d666" WAS-DEFAULT-HOSTNAME="my-chatbot-app-73d666.scm.azurewebsites.net" X-Forwarded-Proto="https" X-AppService-Proto="https" X-Forwarded-TlsVersion="1.3" X-WAWS-Unencoded-URL="/api/publish?type=zip" X-Client-IP="117.250.76.240" X-Client-Port="2841" >
  <step title="Cleanup Xml Logs" date="2025-10-25T11:06:46.658" >
    <step title="Cleanup Infos" date="2025-10-25T11:06:46.694" totalFiles="226" totalCleanup="66" /><!-- duration: 10ms -->
  </step><!-- duration: 51ms -->
  <step title="OneDeploy" date="2025-10-25T11:06:47.198" >
    <step title="Starting PushDeployAsync" date="2025-10-25T11:06:47.228" /><!-- duration: 4ms -->
    <step title="Writing artifact to /tmp/zipdeploy/748f378a-e269-4e92-84b8-2ebe90b79f8a.zip" date="2025-10-25T11:06:47.246" >
      <step title="Writing multipart request body to /tmp/zipdeploy/748f378a-e269-4e92-84b8-2ebe90b79f8a.zip" date="2025-10-25T11:06:47.250" /><!-- duration: 13ms -->
    </step><!-- duration: 1058ms -->
    <step title="Removing previous build artifact&apos;s manifest file" date="2025-10-25T11:06:48.318" >
      <step title="Attempting to fetch target branch HEAD" date="2025-10-25T11:06:48.338" /><!-- duration: 3ms -->
      <step title="Acquiring Deployment Lock" date="2025-10-25T11:06:48.355" /><!-- duration: 5ms -->
      <step title="Acquired Deployment Lock" date="2025-10-25T11:06:48.428" /><!-- duration: 5ms -->
      <step title="Performing fetch based deployment" date="2025-10-25T11:06:48.446" >
        <step title="Creating temporary deployment" date="2025-10-25T11:06:48.462" /><!-- duration: 136ms -->
        <step title="Releasing Deployment Lock" date="2025-10-25T11:06:49.852" /><!-- duration: 4ms -->
        <step title="Cleaning up temp folders from previous zip deployments and extracting pushed zip file /tmp/zipdeploy/748f378a-e269-4e92-84b8-2ebe90b79f8a.zip (0.28 MB) to /tmp/zipdeploy/extracted" date="2025-10-25T11:06:49.921" >
          <step title="ChmodRecursive Process exited with total time taken in ms: 141" date="2025-10-25T11:06:50.201" /><!-- duration: 5ms -->
        </step><!-- duration: 291ms -->
        <step title="None repository commit" date="2025-10-25T11:06:50.215" >
          <step title="Commit id: 12d9c4b8-38be-4b0f-861c-317d29d02a74" date="2025-10-25T11:06:50.221" Message="OneDeploy" AuthorName="N/A" AuthorEmail="N/A" /><!-- duration: 8ms -->
        </step><!-- duration: 17ms -->
        <step title="Deployment timer started" date="2025-10-25T11:06:52.293" >
          <step title="DeploymentManager.Deploy(id:12d9c4b8-38be-4b0f-861c-317d29d02a74)" date="2025-10-25T11:06:52.300" >
            <step title="Collecting changeset information" date="2025-10-25T11:06:52.327" /><!-- duration: 240ms -->
            <step title="Updating submodules" date="2025-10-25T11:06:52.592" /><!-- duration: 1202ms -->
            <step title="Determining deployment builder" date="2025-10-25T11:06:54.097" >
              <step title="Builder is OryxBuilder" date="2025-10-25T11:06:54.127" /><!-- duration: 5ms -->
            </step><!-- duration: 40ms -->
            <step title="PreDeployment: context.CleanOutputPath False" date="2025-10-25T11:06:54.201" >
              <step title="PreDeployment: context.OutputPath /home/site/wwwroot" date="2025-10-25T11:06:54.371" >
                <step title="Building" date="2025-10-25T11:06:54.693" >
                  <step title="Executing external process" date="2025-10-25T11:06:55.195" type="process" path="bash" arguments="-c &quot;oryx build /tmp/zipdeploy/extracted -o /home/site/wwwroot --platform python --platform-version 3.10 -p virtualenv_name=antenv --log-file /tmp/build-debug.log  -i /tmp/8de13b69b2ae8b4 --compress-destination-dir | tee /tmp/oryx-build.log ; exit $PIPESTATUS &quot;" >
                    <step title="Cpu: python(2641,43.340s)+ts(2642,0.140s)+build.sh(2640,0.000s)+build.sh(2639,0.000s)+build.sh(2550,0.070s)+oryx(2529,4.120s)+tee(2530,0.000s)+bash(2528,0.000s)=total(47.650s)" date="2025-10-25T11:08:51.173" /><!-- duration: 20ms -->
                    <step title="bash: no io activity for 61s, prev-cpu=-1.000s, current-cpu=47.650s" date="2025-10-25T11:08:51.222" /><!-- duration: 46ms -->
                  </step><!-- duration: 242249ms -->
                  <step title="Using PythonDeploymentLogParser" date="2025-10-25T11:10:58.513" /><!-- duration: 6ms -->
                  <step title="Modified file to trigger a restart of the app container." date="2025-10-25T11:11:00.390" /><!-- duration: 5ms -->
                  <step title="Skip function trigger and logicapp sync because function is not enabled." date="2025-10-25T11:11:00.407" /><!-- duration: 11ms -->
                  <step title="Purge deployment items" date="2025-10-25T11:11:03.353" >
                    <step title="Remove 730de9bd-, Success, received at 10/21/2025 14:29:00" date="2025-10-25T11:11:03.561" /><!-- duration: 4ms -->
                  </step><!-- duration: 218ms -->
                </step><!-- duration: 248958ms -->
              </step><!-- duration: 249287ms -->
              <step title="Cleaning up temp files" date="2025-10-25T11:11:03.663" /><!-- duration: 3774ms -->
              <step title="Cleaning up temp files" date="2025-10-25T11:11:07.445" /><!-- duration: 507ms -->
              <step title="Reloading status file with latest updates" date="2025-10-25T11:11:07.986" >
                <step title="WebHooksManager.PublishEventAsync: PostDeployment" date="2025-10-25T11:11:08.001" /><!-- duration: 101ms -->
              </step><!-- duration: 119ms -->
              <step title="Cleaning up temporary deployment - fetch deployment was successful" date="2025-10-25T11:11:08.113" /><!-- duration: 3ms -->
            </step><!-- duration: 253961ms -->
          </step><!-- duration: 255924ms -->
          <step title="Outgoing response" date="2025-10-25T11:11:08.329" type="response" statusCode="200" statusText="OK" /><!-- duration: 17ms -->
        </step><!-- duration: 256063ms -->
