<step title="Incoming Request" date="2025-10-26T08:24:44.986" instance="10ec71" url="/api/deployments/latest" method="GET" type="request" pid="768,1,20" Accept="*/*" Host="my-chatbot-app-73d666.scm.azurewebsites.net" User-Agent="AZURECLI/2.77.0 (MSI)" Accept-Encoding="gzip, deflate" Authorization="Bas..." x-ms-client-request-id="29353f97-b245-11f0-8183-1cce519a4abb" X-ARR-LOG-ID="29353f97-b245-11f0-8183-1cce519a4abb" CLIENT-IP="149.22.84.168:56968" X-SITE-DEPLOYMENT-ID="my-chatbot-app-73d666" WAS-DEFAULT-HOSTNAME="my-chatbot-app-73d666.scm.azurewebsites.net" X-Forwarded-Proto="https" X-AppService-Proto="https" X-Forwarded-TlsVersion="1.3" X-WAWS-Unencoded-URL="/api/deployments/latest" X-Client-IP="149.22.84.168" X-Client-Port="56968" >
  <step title="Cleanup Xml Logs" date="2025-10-26T08:24:44.989" >
    <step title="Cleanup Infos" date="2025-10-26T08:24:45.023" totalFiles="271" totalCleanup="111" /><!-- duration: 10ms -->
  </step><!-- duration: 48ms -->
  <step title="DeploymentService.GetResult" date="2025-10-26T08:24:45.099" >
    <step title="DeploymentService.GetLatestDeployment" date="2025-10-26T08:24:45.102" >
      <step title="DeploymentManager.GetResults" date="2025-10-26T08:24:45.112" /><!-- duration: 1258ms -->
    </step><!-- duration: 1305ms -->
  </step><!-- duration: 1339ms -->
  <step title="Outgoing response" date="2025-10-26T08:24:46.708" type="response" statusCode="202" statusText="Accepted" /><!-- duration: 17ms -->
</step><!-- duration: 1758ms -->
