<step title="Incoming Request" date="2025-10-26T17:43:12.040" instance="10ec71" url="/api/zipdeploy?isAsync=true" method="POST" type="request" pid="770,1,3" Accept="*/*" Host="my-chatbot-app-73d666.scm.azurewebsites.net" User-Agent="AZURECLI/2.77.0 (MSI)" Accept-Encoding="gzip, deflate" Authorization="Bas..." Cache-Control="no-cache" Content-Type="application/octet-stream" Content-Length="740" x-ms-client-request-id="3482dbba-b293-11f0-9ac6-1cce519a4abb" x-ms-artifact-checksum="283746b52dbd06f8cf1a24b437b33d27de7d36f307ad08355444cc43104007ed" X-ARR-LOG-ID="3482dbba-b293-11f0-9ac6-1cce519a4abb" CLIENT-IP="149.22.84.167:29511" X-SITE-DEPLOYMENT-ID="my-chatbot-app-73d666" WAS-DEFAULT-HOSTNAME="my-chatbot-app-73d666.scm.azurewebsites.net" X-Forwarded-Proto="https" X-AppService-Proto="https" X-Forwarded-TlsVersion="1.3" X-WAWS-Unencoded-URL="/api/zipdeploy?isAsync=true" X-Client-IP="149.22.84.167" X-Client-Port="29511" >
  <step title="Cleanup Xml Logs" date="2025-10-26T17:43:12.044" >
    <step title="Cleanup Infos" date="2025-10-26T17:43:12.063" totalFiles="369" totalCleanup="209" /><!-- duration: 5ms -->
  </step><!-- duration: 27ms -->
  <step title="ZipPushDeploy" date="2025-10-26T17:43:12.728" >
    <step title="ZipDeploy. Extract zip. Remote build." date="2025-10-26T17:43:12.741" /><!-- duration: 5ms -->
    <step title="None repository commit" date="2025-10-26T17:43:12.756" >
      <step title="Commit id: ed267ef9-a63d-44bd-8d09-a22461502d0f" date="2025-10-26T17:43:12.761" Message="N/A" AuthorName="N/A" AuthorEmail="N/A" /><!-- duration: 9ms -->
    </step><!-- duration: 18ms -->
    <step title="Starting PushDeployAsync" date="2025-10-26T17:43:12.781" /><!-- duration: 7ms -->
    <step title="Writing artifact to /tmp/zipdeploy/9e4504dd-ed8d-44f2-ac65-657ea6035771.zip" date="2025-10-26T17:43:12.807" >
      <step title="Writing multipart request body to /tmp/zipdeploy/9e4504dd-ed8d-44f2-ac65-657ea6035771.zip" date="2025-10-26T17:43:12.816" /><!-- duration: 6ms -->
    </step><!-- duration: 149ms -->
    <step title="Start deployment in the background" date="2025-10-26T17:43:12.983" >
      <step title="Acquiring Deployment Lock" date="2025-10-26T17:43:13.090" /><!-- duration: 14ms -->
      <step title="Acquired Deployment Lock" date="2025-10-26T17:43:13.169" /><!-- duration: 18ms -->
    </step><!-- duration: 395ms -->
  </step><!-- duration: 661ms -->
  <step title="Outgoing response" date="2025-10-26T17:43:13.409" type="response" statusCode="202" statusText="Accepted" /><!-- duration: 8ms -->
</step><!-- duration: 1392ms -->
