<step title="Incoming Request" date="2025-10-25T11:37:30.374" instance="10ec71" url="/api/zipdeploy?isAsync=true" method="POST" type="request" pid="768,1,36" Accept="*/*" Host="my-chatbot-app-73d666.scm.azurewebsites.net" User-Agent="AZURECLI/2.77.0 (MSI)" Accept-Encoding="gzip, deflate" Authorization="Bas..." Cache-Control="no-cache" Content-Type="application/octet-stream" Content-Length="1154" x-ms-client-request-id="f6e977f1-b196-11f0-aefe-1cce519a4abb" x-ms-artifact-checksum="3f816bc2fd8b3fc81d95a96e0c7726a153c48b28ae5ce9cdb64fd0101235cebb" X-ARR-LOG-ID="f6e977f1-b196-11f0-aefe-1cce519a4abb" CLIENT-IP="117.250.76.240:16431" X-SITE-DEPLOYMENT-ID="my-chatbot-app-73d666" WAS-DEFAULT-HOSTNAME="my-chatbot-app-73d666.scm.azurewebsites.net" X-Forwarded-Proto="https" X-AppService-Proto="https" X-Forwarded-TlsVersion="1.3" X-WAWS-Unencoded-URL="/api/zipdeploy?isAsync=true" X-Client-IP="117.250.76.240" X-Client-Port="16431" >
  <step title="Cleanup Xml Logs" date="2025-10-25T11:37:30.446" >
    <step title="Cleanup Infos" date="2025-10-25T11:37:30.482" totalFiles="255" totalCleanup="95" /><!-- duration: 33ms -->
  </step><!-- duration: 86ms -->
  <step title="ZipPushDeploy" date="2025-10-25T11:37:30.945" >
    <step title="ZipDeploy. Extract zip. Remote build." date="2025-10-25T11:37:31.007" /><!-- duration: 4ms -->
    <step title="Starting PushDeployAsync" date="2025-10-25T11:37:31.027" /><!-- duration: 4ms -->
    <step title="Writing artifact to /tmp/zipdeploy/0e2182aa-bdac-4ba9-aff0-57298868f43d.zip" date="2025-10-25T11:37:31.197" >
      <step title="Writing multipart request body to /tmp/zipdeploy/0e2182aa-bdac-4ba9-aff0-57298868f43d.zip" date="2025-10-25T11:37:31.224" /><!-- duration: 6ms -->
    </step><!-- duration: 448ms -->
    <step title="Removing previous build artifact&apos;s manifest file" date="2025-10-25T11:37:31.656" >
      <step title="Start deployment in the background" date="2025-10-25T11:37:31.827" >
        <step title="Acquiring Deployment Lock" date="2025-10-25T11:37:31.951" /><!-- duration: 5ms -->
        <step title="Acquired Deployment Lock" date="2025-10-25T11:37:32.205" /><!-- duration: 8ms -->
      </step><!-- duration: 664ms -->
    </step><!-- duration: 895ms -->
    <step title="Outgoing response" date="2025-10-25T11:37:32.584" type="response" statusCode="202" statusText="Accepted" /><!-- duration: 5ms -->
  </step><!-- duration: 1648ms -->
