<step title="Incoming Request" date="2025-10-26T08:09:58.755" instance="10ec71" url="/api/zipdeploy?isAsync=true" method="POST" type="request" pid="770,1,76" Accept="*/*" Host="my-chatbot-app-73d666.scm.azurewebsites.net" User-Agent="AZURECLI/2.77.0 (MSI)" Accept-Encoding="gzip, deflate" Authorization="Bas..." Cache-Control="no-cache" Content-Type="application/octet-stream" Content-Length="2243" x-ms-client-request-id="191ae966-b243-11f0-bfe2-1cce519a4abb" x-ms-artifact-checksum="b3b0a8775f7bfdde6f2ae537c27fa9058ace8fd50c802f1587c50004c924b3d8" X-ARR-LOG-ID="191ae966-b243-11f0-bfe2-1cce519a4abb" CLIENT-IP="149.22.84.168:40261" X-SITE-DEPLOYMENT-ID="my-chatbot-app-73d666" WAS-DEFAULT-HOSTNAME="my-chatbot-app-73d666.scm.azurewebsites.net" X-Forwarded-Proto="https" X-AppService-Proto="https" X-Forwarded-TlsVersion="1.3" X-WAWS-Unencoded-URL="/api/zipdeploy?isAsync=true" X-Client-IP="149.22.84.168" X-Client-Port="40261" >
  <step title="Cleanup Xml Logs" date="2025-10-26T08:09:58.776" >
    <step title="Cleanup Infos" date="2025-10-26T08:09:58.804" totalFiles="262" totalCleanup="102" /><!-- duration: 37ms -->
  </step><!-- duration: 100ms -->
  <step title="ZipPushDeploy" date="2025-10-26T08:09:59.248" >
    <step title="ZipDeploy. Extract zip. Remote build." date="2025-10-26T08:09:59.287" /><!-- duration: 8ms -->
    <step title="None repository commit" date="2025-10-26T08:09:59.343" >
      <step title="Commit id: 1f2e2326-4fc9-4324-a230-98ecdeeadf1e" date="2025-10-26T08:09:59.363" Message="N/A" AuthorName="N/A" AuthorEmail="N/A" /><!-- duration: 8ms -->
    </step><!-- duration: 36ms -->
    <step title="Starting PushDeployAsync" date="2025-10-26T08:09:59.386" /><!-- duration: 7ms -->
    <step title="Writing artifact to /tmp/zipdeploy/fb19128c-10cf-4b63-a34e-5496a01fd72e.zip" date="2025-10-26T08:09:59.505" >
      <step title="Writing multipart request body to /tmp/zipdeploy/fb19128c-10cf-4b63-a34e-5496a01fd72e.zip" date="2025-10-26T08:09:59.540" /><!-- duration: 28ms -->
    </step><!-- duration: 581ms -->
    <step title="Removing previous build artifact&apos;s manifest file" date="2025-10-26T08:10:00.127" >
      <step title="Start deployment in the background" date="2025-10-26T08:10:00.173" >
        <step title="Acquiring Deployment Lock" date="2025-10-26T08:10:00.318" /><!-- duration: 17ms -->
        <step title="Acquired Deployment Lock" date="2025-10-26T08:10:00.555" /><!-- duration: 5ms -->
      </step><!-- duration: 608ms -->
    </step><!-- duration: 698ms -->
    <step title="Outgoing response" date="2025-10-26T08:10:00.853" type="response" statusCode="202" statusText="Accepted" /><!-- duration: 6ms -->
  </step><!-- duration: 1615ms -->
