<step title="Incoming Request" date="2025-10-25T11:11:21.071" instance="10ec71" url="/api/zipdeploy?isAsync=true" method="POST" type="request" pid="768,1,43" Accept="*/*" Host="my-chatbot-app-73d666.scm.azurewebsites.net" User-Agent="AZURECLI/2.77.0 (MSI)" Accept-Encoding="gzip, deflate" Authorization="Bas..." Cache-Control="no-cache" Content-Type="application/octet-stream" Content-Length="298176" x-ms-client-request-id="5054fa78-b193-11f0-b3f0-1cce519a4abb" x-ms-artifact-checksum="dfee66fd2e0faed39c5df8750e7e352a87125b600beb34efcfbcc8ffe6c7b019" X-ARR-LOG-ID="5054fa78-b193-11f0-b3f0-1cce519a4abb" CLIENT-IP="117.250.76.240:39872" X-SITE-DEPLOYMENT-ID="my-chatbot-app-73d666" WAS-DEFAULT-HOSTNAME="my-chatbot-app-73d666.scm.azurewebsites.net" X-Forwarded-Proto="https" X-AppService-Proto="https" X-Forwarded-TlsVersion="1.3" X-WAWS-Unencoded-URL="/api/zipdeploy?isAsync=true" X-Client-IP="117.250.76.240" X-Client-Port="39872" >
  <step title="Cleanup Xml Logs" date="2025-10-25T11:11:21.078" >
    <step title="Cleanup Infos" date="2025-10-25T11:11:21.092" totalFiles="227" totalCleanup="67" /><!-- duration: 7ms -->
  </step><!-- duration: 24ms -->
  <step title="ZipPushDeploy" date="2025-10-25T11:11:21.157" >
    <step title="ZipDeploy. Extract zip. Remote build." date="2025-10-25T11:11:21.165" /><!-- duration: 12ms -->
    <step title="Starting PushDeployAsync" date="2025-10-25T11:11:21.186" /><!-- duration: 3ms -->
    <step title="Writing artifact to /tmp/zipdeploy/9498d85b-f91b-4928-954a-2cfcf81e5ec2.zip" date="2025-10-25T11:11:21.244" >
      <step title="Writing multipart request body to /tmp/zipdeploy/9498d85b-f91b-4928-954a-2cfcf81e5ec2.zip" date="2025-10-25T11:11:21.261" /><!-- duration: 30ms -->
    </step><!-- duration: 1027ms -->
    <step title="Removing previous build artifact&apos;s manifest file" date="2025-10-25T11:11:22.291" >
      <step title="Start deployment in the background" date="2025-10-25T11:11:22.311" >
        <step title="Acquiring Deployment Lock" date="2025-10-25T11:11:22.342" /><!-- duration: 10ms -->
        <step title="Acquired Deployment Lock" date="2025-10-25T11:11:22.381" /><!-- duration: 6ms -->
      </step><!-- duration: 163ms -->
    </step><!-- duration: 209ms -->
    <step title="Outgoing response" date="2025-10-25T11:11:22.515" type="response" statusCode="202" statusText="Accepted" /><!-- duration: 4ms -->
  </step><!-- duration: 1366ms -->
