<step title="Incoming Request" date="2025-10-25T11:11:30.991" instance="10ec71" url="/api/deployments/latest" method="GET" type="request" pid="768,1,41" Accept="*/*" Host="my-chatbot-app-73d666.scm.azurewebsites.net" User-Agent="AZURECLI/2.77.0 (MSI)" Accept-Encoding="gzip, deflate" Authorization="Bas..." x-ms-client-request-id="5054fa78-b193-11f0-b3f0-1cce519a4abb" X-ARR-LOG-ID="5054fa78-b193-11f0-b3f0-1cce519a4abb" CLIENT-IP="117.250.76.240:4134" X-SITE-DEPLOYMENT-ID="my-chatbot-app-73d666" WAS-DEFAULT-HOSTNAME="my-chatbot-app-73d666.scm.azurewebsites.net" X-Forwarded-Proto="https" X-AppService-Proto="https" X-Forwarded-TlsVersion="1.3" X-WAWS-Unencoded-URL="/api/deployments/latest" X-Client-IP="117.250.76.240" X-Client-Port="4134" >
  <step title="Cleanup Xml Logs" date="2025-10-25T11:11:31.007" >
    <step title="Cleanup Infos" date="2025-10-25T11:11:31.102" totalFiles="229" totalCleanup="69" /><!-- duration: 39ms -->
  </step><!-- duration: 144ms -->
  <step title="DeploymentService.GetResult" date="2025-10-25T11:11:31.498" >
    <step title="DeploymentService.GetLatestDeployment" date="2025-10-25T11:11:31.519" >
      <step title="DeploymentManager.GetResults" date="2025-10-25T11:11:31.565" /><!-- duration: 1966ms -->
    </step><!-- duration: 2021ms -->
  </step><!-- duration: 2046ms -->
  <step title="Outgoing response" date="2025-10-25T11:11:33.556" type="response" statusCode="202" statusText="Accepted" /><!-- duration: 12ms -->
</step><!-- duration: 2585ms -->
