<step title="BackgroundTrace" date="2025-10-21T13:30:32.121" instance="10ec71" url="/api/zipdeploy" method="POST" >
  <step title="Creating temporary deployment - FetchDeploymentManager" date="2025-10-21T13:30:32.704" /><!-- duration: 8ms -->
  <step title="Creating temporary deployment" date="2025-10-21T13:30:32.749" /><!-- duration: 400ms -->
  <step title="Performing fetch based deployment" date="2025-10-21T13:30:33.626" >
    <step title="Cleaning up temp folders from previous zip deployments and extracting pushed zip file /tmp/zipdeploy/057f305c-3be5-4cc2-bc63-6630f75c4468.zip (0.18 MB) to /tmp/zipdeploy/extracted" date="2025-10-21T13:30:35.308" >
      <step title="ChmodRecursive Process exited with total time taken in ms: 232" date="2025-10-21T13:30:36.135" /><!-- duration: 11ms -->
    </step><!-- duration: 885ms -->
    <step title="Deployment timer started" date="2025-10-21T13:30:38.324" >
      <step title="DeploymentManager.Deploy(id:e2dec2c6-3be6-4562-8185-3bacc8de04fb)" date="2025-10-21T13:30:38.406" >
        <step title="Collecting changeset information" date="2025-10-21T13:30:38.557" /><!-- duration: 309ms -->
        <step title="Updating submodules" date="2025-10-21T13:30:38.951" /><!-- duration: 1423ms -->
        <step title="Determining deployment builder" date="2025-10-21T13:30:41.077" >
          <step title="Builder is OryxBuilder" date="2025-10-21T13:30:41.191" /><!-- duration: 19ms -->
        </step><!-- duration: 217ms -->
        <step title="PreDeployment: context.CleanOutputPath False" date="2025-10-21T13:30:41.543" >
          <step title="PreDeployment: context.OutputPath /home/site/wwwroot" date="2025-10-21T13:30:41.991" >
            <step title="Building" date="2025-10-21T13:30:42.393" >
              <step title="Executing external process" date="2025-10-21T13:30:43.861" type="process" path="bash" arguments="-c &quot;oryx build /tmp/zipdeploy/extracted -o /home/site/wwwroot --platform python --platform-version 3.11 -p virtualenv_name=antenv --log-file /tmp/build-debug.log  -i /tmp/8de10a607bf4738 --compress-destination-dir | tee /tmp/oryx-build.log ; exit $PIPESTATUS &quot;" >
                <step title="Error occurred" date="2025-10-21T13:30:59.558" type="error" text="Deployment has been stopped due to SCM container restart. The restart can happen due to a management operation on site. Do not perform a management operation and a deployment operation in quick succession. Adding a small delay can help avoid any conflicts." /><!-- duration: 106ms -->
                <step title="Killing external process" date="2025-10-21T13:30:59.738" >
                  <step title="Abort Process &apos;build.sh(1650)&apos;." date="2025-10-21T13:31:00.156" /><!-- duration: 36ms -->
                  <step title="Abort Process &apos;oryx(1630)&apos;." date="2025-10-21T13:31:00.250" /><!-- duration: 37ms -->
title="Process dump" date="2025-10-21T13:31:00.287" exitCode="137" type="processOutput" /><!-- duration: 16ms -->
                </step><!-- duration: 590ms -->
                <step title="Error occurred" date="2025-10-21T13:31:00.383" type="error" text="
/bin/bash -c &quot;oryx build /tmp/zipdeploy/extracted -o /home/site/wwwroot --platform python --platform-version 3.11 -p virtualenv_name=antenv --log-file /tmp/build-debug.log  -i /tmp/8de10a607bf4738 --compress-destination-dir | tee /tmp/oryx-build.log ; exit $PIPESTATUS &quot;" stackTrace="   at Kudu.Core.Infrastructure.Executable.ExecuteInternal(ITracer tracer, Func`2 onWriteOutput, Func`2 onWriteError, CancellationToken token, Encoding encoding, String arguments, Object[] args) in /tmp/KuduLite/Kudu.Core/Infrastructure/Executable.cs:line 239
   at Kudu.Core.Infrastructure.Executable.ExecuteWithProgressWriter(ILogger logger, ITracer tracer, CancellationToken token, String arguments, Object[] args) in /tmp/KuduLite/Kudu.Core/Infrastructure/Executable.cs:line 118
   at Kudu.Core.Deployment.Generator.ExternalCommandBuilder.RunCommand(DeploymentContext context, String command, Boolean ignoreManifest, CancellationToken token, String message) in /tmp/KuduLite/Kudu.Core/Deployment/Generator/ExternalCommandBuilder.cs:line 122" /><!-- duration: 10ms -->
                <step title="Error occurred" date="2025-10-21T13:31:00.423" type="error" text="
/bin/bash -c &quot;oryx build /tmp/zipdeploy/extracted -o /home/site/wwwroot --platform python --platform-version 3.11 -p virtualenv_name=antenv --log-file /tmp/build-debug.log  -i /tmp/8de10a607bf4738 --compress-destination-dir | tee /tmp/oryx-build.log ; exit $PIPESTATUS &quot;" stackTrace="   at Kudu.Core.Infrastructure.Executable.ExecuteInternal(ITracer tracer, Func`2 onWriteOutput, Func`2 onWriteError, CancellationToken token, Encoding encoding, String arguments, Object[] args) in /tmp/KuduLite/Kudu.Core/Infrastructure/Executable.cs:line 239
   at Kudu.Core.Infrastructure.Executable.ExecuteWithProgressWriter(ILogger logger, ITracer tracer, CancellationToken token, String arguments, Object[] args) in /tmp/KuduLite/Kudu.Core/Infrastructure/Executable.cs:line 118
   at Kudu.Core.Deployment.Generator.ExternalCommandBuilder.RunCommand(DeploymentContext context, String command, Boolean ignoreManifest, CancellationToken token, String message) in /tmp/KuduLite/Kudu.Core/Deployment/Generator/ExternalCommandBuilder.cs:line 122
   at Kudu.Core.Deployment.Generator.OryxBuilder.RunBuildCommand(IOryxArguments args, DeploymentContext context, CancellationToken token) in /tmp/KuduLite/Kudu.Core/Deployment/Generator/OryxBuilder.cs:line 295
   at Kudu.Core.Deployment.Generator.OryxBuilder.Build(DeploymentContext context, CancellationToken token) in /tmp/KuduLite/Kudu.Core/Deployment/Generator/OryxBuilder.cs:line 136
   at Kudu.Core.Deployment.DeploymentManager.Build(ChangeSet changeSet, ITracer tracer, IDisposable deployStep, IRepository repository, DeploymentInfoBase deploymentInfo, DeploymentAnalytics deploymentAnalytics, Boolean fullBuildByDefault, CancellationToken cancellationToken) in /tmp/KuduLite/Kudu.Core/Deployment/DeploymentManager.cs:line 771" /><!-- duration: 9ms -->
