<step title="Incoming Request" date="2025-10-26T17:31:53.268" instance="10ec71" url="/api/zipdeploy?isAsync=true" method="POST" type="request" pid="768,1,83" Accept="*/*" Host="my-chatbot-app-73d666.scm.azurewebsites.net" User-Agent="AZURECLI/2.77.0 (MSI)" Accept-Encoding="gzip, deflate" Authorization="Bas..." Cache-Control="no-cache" Content-Type="application/octet-stream" Content-Length="223367" x-ms-client-request-id="9ef20a62-b291-11f0-b97e-1cce519a4abb" x-ms-artifact-checksum="5f876927f67e150657cc5349ea98b9686b807663cc2dbc2b08ca4ee4ba45c0d0" X-ARR-LOG-ID="9ef20a62-b291-11f0-b97e-1cce519a4abb" CLIENT-IP="149.22.84.167:60047" X-SITE-DEPLOYMENT-ID="my-chatbot-app-73d666" WAS-DEFAULT-HOSTNAME="my-chatbot-app-73d666.scm.azurewebsites.net" X-Forwarded-Proto="https" X-AppService-Proto="https" X-Forwarded-TlsVersion="1.3" X-WAWS-Unencoded-URL="/api/zipdeploy?isAsync=true" X-Client-IP="149.22.84.167" X-Client-Port="60047" >
  <step title="Cleanup Xml Logs" date="2025-10-26T17:31:53.318" >
    <step title="Cleanup Infos" date="2025-10-26T17:31:53.385" totalFiles="358" totalCleanup="198" /><!-- duration: 11ms -->
  </step><!-- duration: 88ms -->
  <step title="ZipPushDeploy" date="2025-10-26T17:31:53.489" >
    <step title="ZipDeploy. Extract zip. Remote build." date="2025-10-26T17:31:53.529" /><!-- duration: 18ms -->
    <step title="Starting PushDeployAsync" date="2025-10-26T17:31:53.556" /><!-- duration: 3ms -->
    <step title="Writing artifact to /tmp/zipdeploy/da658a10-fb07-4dea-b9e2-3013250ddebe.zip" date="2025-10-26T17:31:53.614" >
      <step title="Writing multipart request body to /tmp/zipdeploy/da658a10-fb07-4dea-b9e2-3013250ddebe.zip" date="2025-10-26T17:31:53.659" /><!-- duration: 48ms -->
    </step><!-- duration: 680ms -->
    <step title="Removing previous build artifact&apos;s manifest file" date="2025-10-26T17:31:54.351" >
      <step title="Start deployment in the background" date="2025-10-26T17:31:54.445" >
        <step title="Acquiring Deployment Lock" date="2025-10-26T17:31:54.492" /><!-- duration: 11ms -->
        <step title="Acquired Deployment Lock" date="2025-10-26T17:31:54.620" /><!-- duration: 28ms -->
      </step><!-- duration: 441ms -->
    </step><!-- duration: 562ms -->
    <step title="Outgoing response" date="2025-10-26T17:31:54.943" type="response" statusCode="202" statusText="Accepted" /><!-- duration: 18ms -->
  </step><!-- duration: 1512ms -->
