<step title="Incoming Request" date="2025-10-27T08:47:01.290" instance="10ec71" url="/api/deployments/latest?deployer=GITHUB_ZIP_DEPLOY&amp;time=2025-10-27_08-45-48Z" method="GET" type="request" pid="768,1,42" Host="my-chatbot-app-73d666.scm.azurewebsites.net" User-Agent="GITHUBACTIONS_DeployWebAppToAzure_85e925cbb3527f6e73709cfc8dc979b310564ece25674b3756f31c5ffd3a2f78" Authorization="Bea..." Content-Type="application/json; charset=utf-8" Cookie="ARRAffinity=10ec71252d15acc549bd1b49685e9bce1d1247141bf9ff915402b1130345f15b;Path=/;HttpOnly;Secure;Domain=my-chatbot-app-73d666.scm.azurewebsites.net; ARRAffinitySameSite=10ec71252d15acc549bd1b49685e9bce1d1247141bf9ff915402b1130345f15b;Path=/;HttpOnly;SameSite=None;Secure;Domain=my-chatbot-app-73d666.scm.azurewebsites.net" Content-Length="0" X-ARR-LOG-ID="ce56c2fd-67c7-4353-906d-cbab8fa9396b" CLIENT-IP="172.182.212.57:12362" X-SITE-DEPLOYMENT-ID="my-chatbot-app-73d666" WAS-DEFAULT-HOSTNAME="my-chatbot-app-73d666.scm.azurewebsites.net" X-Forwarded-Proto="https" X-AppService-Proto="https" X-Forwarded-TlsVersion="1.3" X-WAWS-Unencoded-URL="/api/deployments/latest?deployer=GITHUB_ZIP_DEPLOY&amp;time=2025-10-27_08-45-48Z" X-Client-IP="172.182.212.57" X-Client-Port="12362" >
  <step title="Cleanup Xml Logs" date="2025-10-27T08:47:01.299" >
    <step title="Cleanup Infos" date="2025-10-27T08:47:01.345" totalFiles="420" totalCleanup="260" /><!-- duration: 12ms -->
  </step><!-- duration: 67ms -->
  <step title="DeploymentService.GetResult" date="2025-10-27T08:47:01.384" >
    <step title="DeploymentService.GetLatestDeployment" date="2025-10-27T08:47:01.394" >
      <step title="DeploymentManager.GetResults" date="2025-10-27T08:47:01.487" /><!-- duration: 1923ms -->
    </step><!-- duration: 2129ms -->
  </step><!-- duration: 2158ms -->
  <step title="Outgoing response" date="2025-10-27T08:47:03.590" type="response" statusCode="202" statusText="Accepted" /><!-- duration: 106ms -->
</step><!-- duration: 2502ms -->
