<step title="Incoming Request" date="2025-10-27T06:15:44.987" instance="10ec71" url="/api/deployments/latest" method="GET" type="request" pid="772,1,37" Accept="*/*" Host="my-chatbot-app-73d666.scm.azurewebsites.net" User-Agent="AZURECLI/2.77.0 (MSI)" Accept-Encoding="gzip, deflate" Authorization="Bas..." x-ms-client-request-id="4920f3c9-b2fc-11f0-bd3b-1cce519a4abb" X-ARR-LOG-ID="4920f3c9-b2fc-11f0-bd3b-1cce519a4abb" CLIENT-IP="117.250.76.240:21924" X-SITE-DEPLOYMENT-ID="my-chatbot-app-73d666" WAS-DEFAULT-HOSTNAME="my-chatbot-app-73d666.scm.azurewebsites.net" X-Forwarded-Proto="https" X-AppService-Proto="https" X-Forwarded-TlsVersion="1.3" X-WAWS-Unencoded-URL="/api/deployments/latest" X-Client-IP="117.250.76.240" X-Client-Port="21924" >
  <step title="Cleanup Xml Logs" date="2025-10-27T06:15:44.995" >
    <step title="Cleanup Infos" date="2025-10-27T06:15:45.051" totalFiles="389" totalCleanup="229" /><!-- duration: 32ms -->
  </step><!-- duration: 3598ms -->
  <step title="DeploymentService.GetResult" date="2025-10-27T06:15:48.784" >
    <step title="DeploymentService.GetLatestDeployment" date="2025-10-27T06:15:48.871" >
      <step title="DeploymentManager.GetResults" date="2025-10-27T06:15:48.958" /><!-- duration: 3377ms -->
    </step><!-- duration: 3543ms -->
  </step><!-- duration: 3650ms -->
  <step title="Outgoing response" date="2025-10-27T06:15:52.500" type="response" statusCode="202" statusText="Accepted" /><!-- duration: 68ms -->
</step><!-- duration: 7666ms -->
