<step title="Incoming Request" date="2025-10-26T17:32:06.764" instance="10ec71" url="/api/deployments/latest" method="GET" type="request" pid="768,1,83" Accept="*/*" Host="my-chatbot-app-73d666.scm.azurewebsites.net" User-Agent="AZURECLI/2.77.0 (MSI)" Accept-Encoding="gzip, deflate" Authorization="Bas..." x-ms-client-request-id="9ef20a62-b291-11f0-b97e-1cce519a4abb" X-ARR-LOG-ID="9ef20a62-b291-11f0-b97e-1cce519a4abb" CLIENT-IP="149.22.84.167:45494" X-SITE-DEPLOYMENT-ID="my-chatbot-app-73d666" WAS-DEFAULT-HOSTNAME="my-chatbot-app-73d666.scm.azurewebsites.net" X-Forwarded-Proto="https" X-AppService-Proto="https" X-Forwarded-TlsVersion="1.3" X-WAWS-Unencoded-URL="/api/deployments/latest" X-Client-IP="149.22.84.167" X-Client-Port="45494" >
  <step title="Cleanup Xml Logs" date="2025-10-26T17:32:06.890" >
    <step title="Cleanup Infos" date="2025-10-26T17:32:07.053" totalFiles="360" totalCleanup="200" /><!-- duration: 96ms -->
  </step><!-- duration: 324ms -->
  <step title="DeploymentService.GetResult" date="2025-10-26T17:32:07.508" >
    <step title="DeploymentService.GetLatestDeployment" date="2025-10-26T17:32:07.751" >
      <step title="DeploymentManager.GetResults" date="2025-10-26T17:32:07.891" /><!-- duration: 2547ms -->
    </step><!-- duration: 2848ms -->
  </step><!-- duration: 3138ms -->
  <step title="Outgoing response" date="2025-10-26T17:32:10.677" type="response" statusCode="202" statusText="Accepted" /><!-- duration: 45ms -->
</step><!-- duration: 3988ms -->
