<step title="BackgroundTrace" date="2025-10-25T09:17:14.382" instance="10ec71" url="/api/zipdeploy" method="POST" >
  <step title="Cleanup Xml Logs" date="2025-10-25T09:17:14.411" >
    <step title="Cleanup Infos" date="2025-10-25T09:17:14.441" totalFiles="203" totalCleanup="43" /><!-- duration: 27ms -->
  </step><!-- duration: 86ms -->
  <step title="Creating temporary deployment - FetchDeploymentManager" date="2025-10-25T09:17:14.684" /><!-- duration: 9ms -->
  <step title="Creating temporary deployment" date="2025-10-25T09:17:14.711" /><!-- duration: 171ms -->
  <step title="Performing fetch based deployment" date="2025-10-25T09:17:15.091" >
    <step title="Cleaning up temp folders from previous zip deployments and extracting pushed zip file /tmp/zipdeploy/d832d165-403b-4524-8a53-1883d67379b8.zip (0.28 MB) to /tmp/zipdeploy/extracted" date="2025-10-25T09:17:16.516" >
      <step title="ChmodRecursive Process exited with total time taken in ms: 77" date="2025-10-25T09:17:16.826" /><!-- duration: 21ms -->
    </step><!-- duration: 341ms -->
    <step title="Deployment timer started" date="2025-10-25T09:17:18.919" >
      <step title="DeploymentManager.Deploy(id:fc76c16c-df48-4d62-8ffe-3f2c3ff31a3d)" date="2025-10-25T09:17:19.016" >
        <step title="Collecting changeset information" date="2025-10-25T09:17:19.116" /><!-- duration: 331ms -->
        <step title="Updating submodules" date="2025-10-25T09:17:19.468" /><!-- duration: 1217ms -->
        <step title="Determining deployment builder" date="2025-10-25T09:17:21.261" >
          <step title="Builder is OryxBuilder" date="2025-10-25T09:17:21.315" /><!-- duration: 10ms -->
        </step><!-- duration: 124ms -->
        <step title="PreDeployment: context.CleanOutputPath False" date="2025-10-25T09:17:21.536" >
          <step title="PreDeployment: context.OutputPath /home/site/wwwroot" date="2025-10-25T09:17:21.857" >
            <step title="Building" date="2025-10-25T09:17:22.162" >
              <step title="Executing external process" date="2025-10-25T09:17:23.578" type="process" path="bash" arguments="-c &quot;oryx build /tmp/zipdeploy/extracted -o /home/site/wwwroot --platform python --platform-version 3.10 -p virtualenv_name=antenv --log-file /tmp/build-debug.log  -i /tmp/8de13a74d8671aa --compress-destination-dir | tee /tmp/oryx-build.log ; exit $PIPESTATUS &quot;" >
                <step title="Cpu: python(928,38.090s)+ts(929,0.140s)+build.sh(927,0.000s)+build.sh(926,0.000s)+build.sh(828,0.050s)+oryx(805,5.970s)+tee(806,0.000s)+bash(804,0.010s)=total(44.240s)" date="2025-10-25T09:19:31.640" /><!-- duration: 28ms -->
                <step title="bash: no io activity for 60s, prev-cpu=-1.000s, current-cpu=44.240s" date="2025-10-25T09:19:31.688" /><!-- duration: 45ms -->
              </step><!-- duration: 254270ms -->
              <step title="Using PythonDeploymentLogParser" date="2025-10-25T09:21:38.490" /><!-- duration: 4ms -->
              <step title="Triggering recycle (preview mode disabled)." date="2025-10-25T09:21:39.913" /><!-- duration: 12ms -->
              <step title="Modified file to trigger a restart of the app container." date="2025-10-25T09:21:39.987" /><!-- duration: 6ms -->
              <step title="Skip function trigger and logicapp sync because function is not enabled." date="2025-10-25T09:21:40.005" /><!-- duration: 20ms -->
              <step title="Purge deployment items" date="2025-10-25T09:21:41.391" >
                <step title="Remove fd287785-, Success, received at 10/21/2025 14:16:51" date="2025-10-25T09:21:41.553" /><!-- duration: 7ms -->
              </step><!-- duration: 173ms -->
            </step><!-- duration: 259485ms -->
          </step><!-- duration: 259865ms -->
          <step title="Cleaning up temp files" date="2025-10-25T09:21:41.728" /><!-- duration: 4490ms -->
          <step title="Cleaning up temp files" date="2025-10-25T09:21:46.230" /><!-- duration: 508ms -->
          <step title="Reloading status file with latest updates" date="2025-10-25T09:21:46.784" >
            <step title="WebHooksManager.PublishEventAsync: PostDeployment" date="2025-10-25T09:21:46.799" /><!-- duration: 596ms -->
          </step><!-- duration: 640ms -->
          <step title="Cleaning up temporary deployment - fetch deployment was successful" date="2025-10-25T09:21:47.456" /><!-- duration: 14ms -->
        </step><!-- duration: 266014ms -->
      </step><!-- duration: 268575ms -->
