<step title="BackgroundTrace" date="2025-10-21T13:50:10.139" instance="10ec71" url="/api/zipdeploy" method="POST" >
  <step title="Creating temporary deployment - FetchDeploymentManager" date="2025-10-21T13:50:10.248" /><!-- duration: 25ms -->
  <step title="Creating temporary deployment" date="2025-10-21T13:50:10.306" /><!-- duration: 131ms -->
  <step title="Performing fetch based deployment" date="2025-10-21T13:50:10.579" >
    <step title="Cleaning up temp folders from previous zip deployments and extracting pushed zip file /tmp/zipdeploy/a17c3e1d-f577-47f8-9a99-ed9211c8f827.zip (0.04 MB) to /tmp/zipdeploy/extracted" date="2025-10-21T13:50:12.022" >
      <step title="ChmodRecursive Process exited with total time taken in ms: 186" date="2025-10-21T13:50:12.412" /><!-- duration: 5ms -->
    </step><!-- duration: 401ms -->
    <step title="Deployment timer started" date="2025-10-21T13:50:14.455" >
      <step title="DeploymentManager.Deploy(id:a862dd42-b611-4ed5-89b2-13f72b4ecb45)" date="2025-10-21T13:50:14.464" >
        <step title="Collecting changeset information" date="2025-10-21T13:50:14.529" /><!-- duration: 121ms -->
        <step title="Updating submodules" date="2025-10-21T13:50:14.657" /><!-- duration: 1131ms -->
        <step title="Determining deployment builder" date="2025-10-21T13:50:16.077" >
          <step title="Builder is OryxBuilder" date="2025-10-21T13:50:16.116" /><!-- duration: 6ms -->
        </step><!-- duration: 67ms -->
        <step title="PreDeployment: context.CleanOutputPath False" date="2025-10-21T13:50:16.273" >
          <step title="PreDeployment: context.OutputPath /home/site/wwwroot" date="2025-10-21T13:50:16.462" >
            <step title="Building" date="2025-10-21T13:50:16.646" >
              <step title="Executing external process" date="2025-10-21T13:50:17.078" type="process" path="bash" arguments="-c &quot;oryx build /tmp/zipdeploy/extracted -o /home/site/wwwroot --platform python --platform-version 3.10 -p virtualenv_name=antenv --log-file /tmp/build-debug.log  -i /tmp/8de10a8c3f92c06 --compress-destination-dir | tee /tmp/oryx-build.log ; exit $PIPESTATUS &quot;" >
                <step title="Cpu: python(1403,44.350s)+ts(1404,0.180s)+build.sh(1402,0.000s)+build.sh(1401,0.000s)+build.sh(1317,0.050s)+oryx(1300,3.480s)+tee(1301,0.000s)+bash(1299,0.000s)=total(48.030s)" date="2025-10-21T13:51:42.862" /><!-- duration: 46ms -->
                <step title="bash: no io activity for 61s, prev-cpu=-1.000s, current-cpu=48.030s" date="2025-10-21T13:51:42.975" /><!-- duration: 20ms -->
                <step title="Cpu: python(1403,71.810s)+ts(1404,0.180s)+build.sh(1402,0.000s)+build.sh(1401,0.000s)+build.sh(1317,0.050s)+oryx(1300,3.770s)+tee(1301,0.000s)+bash(1299,0.000s)=total(75.810s)" date="2025-10-21T13:52:43.200" /><!-- duration: 70ms -->
                <step title="bash: no io activity for 121s, prev-cpu=48.030s, current-cpu=75.810s" date="2025-10-21T13:52:43.362" /><!-- duration: 39ms -->
              </step><!-- duration: 234089ms -->
              <step title="Using PythonDeploymentLogParser" date="2025-10-21T13:54:11.667" /><!-- duration: 4ms -->
              <step title="Triggering recycle (preview mode disabled)." date="2025-10-21T13:54:13.166" /><!-- duration: 6ms -->
              <step title="Modified file to trigger a restart of the app container." date="2025-10-21T13:54:13.229" /><!-- duration: 4ms -->
              <step title="Skip function trigger and logicapp sync because function is not enabled." date="2025-10-21T13:54:13.246" /><!-- duration: 18ms -->
            </step><!-- duration: 237604ms -->
          </step><!-- duration: 237822ms -->
          <step title="Cleaning up temp files" date="2025-10-21T13:54:14.287" /><!-- duration: 4021ms -->
          <step title="Cleaning up temp files" date="2025-10-21T13:54:18.315" /><!-- duration: 515ms -->
          <step title="Reloading status file with latest updates" date="2025-10-21T13:54:18.879" >
            <step title="WebHooksManager.PublishEventAsync: PostDeployment" date="2025-10-21T13:54:18.890" /><!-- duration: 49ms -->
          </step><!-- duration: 65ms -->
          <step title="Cleaning up temporary deployment - fetch deployment was successful" date="2025-10-21T13:54:18.952" /><!-- duration: 4ms -->
        </step><!-- duration: 242767ms -->
      </step><!-- duration: 244635ms -->
