<step title="Incoming Request" date="2025-10-22T04:59:58.034" instance="10ec71" url="/api/publish?type=zip" method="POST" type="request" pid="772,1,65" Accept="*/*" Host="my-chatbot-app-73d666.scm.azurewebsites.net" User-Agent="AZURECLI/2.77.0 (MSI)" Accept-Encoding="gzip, deflate" Authorization="Bas..." Cache-Control="no-cache" Content-Type="application/octet-stream" Cookie="ARRAffinity=10ec71252d15acc549bd1b49685e9bce1d1247141bf9ff915402b1130345f15b; ARRAffinitySameSite=10ec71252d15acc549bd1b49685e9bce1d1247141bf9ff915402b1130345f15b" Content-Length="34159" x-ms-client-request-id="e8a6b083-af03-11f0-a52b-30138bc23e6b" x-ms-artifact-checksum="d527aa2b766bd7d4ced5585767c0b1ba798aed370a5906abec811a429d4be62a" X-ARR-LOG-ID="e8a6b083-af03-11f0-a52b-30138bc23e6b" CLIENT-IP="117.250.76.240:3522" X-SITE-DEPLOYMENT-ID="my-chatbot-app-73d666" WAS-DEFAULT-HOSTNAME="my-chatbot-app-73d666.scm.azurewebsites.net" X-Forwarded-Proto="https" X-AppService-Proto="https" X-Forwarded-TlsVersion="1.3" X-WAWS-Unencoded-URL="/api/publish?type=zip" X-Client-IP="117.250.76.240" X-Client-Port="3522" >
  <step title="Cleanup Xml Logs" date="2025-10-22T04:59:58.049" /><!-- duration: 50ms -->
  <step title="OneDeploy" date="2025-10-22T04:59:58.164" >
    <step title="Starting PushDeployAsync" date="2025-10-22T04:59:58.193" /><!-- duration: 9ms -->
    <step title="Writing artifact to /tmp/zipdeploy/ce57d409-1c0a-438e-8428-5e6f8e7a4140.zip" date="2025-10-22T04:59:58.267" >
      <step title="Writing multipart request body to /tmp/zipdeploy/ce57d409-1c0a-438e-8428-5e6f8e7a4140.zip" date="2025-10-22T04:59:58.277" /><!-- duration: 18ms -->
    </step><!-- duration: 280ms -->
    <step title="Attempting to fetch target branch HEAD" date="2025-10-22T04:59:58.591" /><!-- duration: 12ms -->
    <step title="Acquiring Deployment Lock" date="2025-10-22T04:59:58.614" /><!-- duration: 19ms -->
    <step title="Cannot Acquire Deployment Lock already held" date="2025-10-22T04:59:58.661" /><!-- duration: 19ms -->
    <step title="There is a deployment currently in progress. Please try again when it completes." date="2025-10-22T04:59:58.700" /><!-- duration: 9ms -->
  </step><!-- duration: 574ms -->
  <step title="Outgoing response" date="2025-10-22T04:59:58.767" type="response" statusCode="409" statusText="Conflict" /><!-- duration: 20ms -->
</step><!-- duration: 782ms -->
