<step title="BackgroundTrace" date="2025-10-25T11:37:31.842" instance="10ec71" url="/api/zipdeploy" method="POST" >
  <step title="Creating temporary deployment - FetchDeploymentManager" date="2025-10-25T11:37:32.226" /><!-- duration: 8ms -->
  <step title="Creating temporary deployment" date="2025-10-25T11:37:32.280" /><!-- duration: 203ms -->
  <step title="Performing fetch based deployment" date="2025-10-25T11:37:32.619" >
    <step title="Cleaning up temp folders from previous zip deployments and extracting pushed zip file /tmp/zipdeploy/0e2182aa-bdac-4ba9-aff0-57298868f43d.zip (0.00 MB) to /tmp/zipdeploy/extracted" date="2025-10-25T11:37:33.916" >
      <step title="ChmodRecursive Process exited with total time taken in ms: 217" date="2025-10-25T11:37:34.279" /><!-- duration: 9ms -->
    </step><!-- duration: 382ms -->
    <step title="Deployment timer started" date="2025-10-25T11:37:36.339" >
      <step title="DeploymentManager.Deploy(id:0f0e21b5-f9f3-4a96-bcea-72aeff2ea746)" date="2025-10-25T11:37:36.379" >
        <step title="Collecting changeset information" date="2025-10-25T11:37:36.420" /><!-- duration: 142ms -->
        <step title="Updating submodules" date="2025-10-25T11:37:36.588" /><!-- duration: 1166ms -->
        <step title="Determining deployment builder" date="2025-10-25T11:37:38.036" >
          <step title="Builder is OryxBuilder" date="2025-10-25T11:37:38.057" /><!-- duration: 9ms -->
        </step><!-- duration: 36ms -->
        <step title="PreDeployment: context.CleanOutputPath False" date="2025-10-25T11:37:38.153" >
          <step title="PreDeployment: context.OutputPath /home/site/wwwroot" date="2025-10-25T11:37:38.333" >
            <step title="Building" date="2025-10-25T11:37:38.602" >
              <step title="Executing external process" date="2025-10-25T11:37:39.170" type="process" path="bash" arguments="-c &quot;oryx build /tmp/zipdeploy/extracted -o /home/site/wwwroot --platform python --platform-version 3.10 -p virtualenv_name=antenv --log-file /tmp/build-debug.log  -i /tmp/8de13bae63ddd40 --compress-destination-dir | tee /tmp/oryx-build.log ; exit $PIPESTATUS &quot;" /><!-- duration: 37037ms -->
              <step title="Using PythonDeploymentLogParser" date="2025-10-25T11:38:16.793" /><!-- duration: 5ms -->
              <step title="Triggering recycle (preview mode disabled)." date="2025-10-25T11:38:18.820" /><!-- duration: 8ms -->
              <step title="Modified file to trigger a restart of the app container." date="2025-10-25T11:38:18.906" /><!-- duration: 5ms -->
              <step title="Skip function trigger and logicapp sync because function is not enabled." date="2025-10-25T11:38:18.943" /><!-- duration: 12ms -->
              <step title="Purge deployment items" date="2025-10-25T11:38:20.941" >
                <step title="Remove 31d1626b-, Success, received at 10/22/2025 05:59:16" date="2025-10-25T11:38:21.072" /><!-- duration: 8ms -->
              </step><!-- duration: 153ms -->
            </step><!-- duration: 42581ms -->
          </step><!-- duration: 42859ms -->
          <step title="Cleaning up temp files" date="2025-10-25T11:38:21.198" /><!-- duration: 1995ms -->
          <step title="Cleaning up temp files" date="2025-10-25T11:38:23.202" /><!-- duration: 517ms -->
          <step title="Reloading status file with latest updates" date="2025-10-25T11:38:23.776" >
            <step title="WebHooksManager.PublishEventAsync: PostDeployment" date="2025-10-25T11:38:23.794" /><!-- duration: 235ms -->
          </step><!-- duration: 257ms -->
          <step title="Cleaning up temporary deployment - fetch deployment was successful" date="2025-10-25T11:38:24.047" /><!-- duration: 4ms -->
        </step><!-- duration: 45980ms -->
      </step><!-- duration: 47800ms -->
