<step title="Incoming Request" date="2025-10-26T09:12:13.664" instance="10ec71" url="/api/zipdeploy?isAsync=true" method="POST" type="request" pid="768,1,19" Accept="*/*" Host="my-chatbot-app-73d666.scm.azurewebsites.net" User-Agent="AZURECLI/2.77.0 (MSI)" Accept-Encoding="gzip, deflate" Authorization="Bas..." Cache-Control="no-cache" Content-Type="application/octet-stream" Content-Length="8705" x-ms-client-request-id="d2265568-b24b-11f0-9978-1cce519a4abb" x-ms-artifact-checksum="16d8db4e4b6099f6e7697069bdd96c3fa2c9e1b133b78d597ca15d555b71dda1" X-ARR-LOG-ID="d2265568-b24b-11f0-9978-1cce519a4abb" CLIENT-IP="149.22.84.168:65293" X-SITE-DEPLOYMENT-ID="my-chatbot-app-73d666" WAS-DEFAULT-HOSTNAME="my-chatbot-app-73d666.scm.azurewebsites.net" X-Forwarded-Proto="https" X-AppService-Proto="https" X-Forwarded-TlsVersion="1.3" X-WAWS-Unencoded-URL="/api/zipdeploy?isAsync=true" X-Client-IP="149.22.84.168" X-Client-Port="65293" >
  <step title="Cleanup Xml Logs" date="2025-10-26T09:12:13.740" >
    <step title="Cleanup Infos" date="2025-10-26T09:12:13.809" totalFiles="338" totalCleanup="178" /><!-- duration: 94ms -->
  </step><!-- duration: 191ms -->
  <step title="ZipPushDeploy" date="2025-10-26T09:12:21.790" >
    <step title="ZipDeploy. Extract zip. Remote build." date="2025-10-26T09:12:21.839" /><!-- duration: 34ms -->
    <step title="None repository commit" date="2025-10-26T09:12:21.999" >
      <step title="Commit id: f23fb171-072c-45ed-b1ca-c095fb670990" date="2025-10-26T09:12:22.018" Message="N/A" AuthorName="N/A" AuthorEmail="N/A" /><!-- duration: 21ms -->
    </step><!-- duration: 60ms -->
    <step title="Starting PushDeployAsync" date="2025-10-26T09:12:22.069" /><!-- duration: 37ms -->
    <step title="Writing artifact to /tmp/zipdeploy/f81ad050-aa95-49fb-9c46-a07235d63e44.zip" date="2025-10-26T09:12:22.502" >
      <step title="Writing multipart request body to /tmp/zipdeploy/f81ad050-aa95-49fb-9c46-a07235d63e44.zip" date="2025-10-26T09:12:22.513" /><!-- duration: 27ms -->
    </step><!-- duration: 379ms -->
    <step title="Start deployment in the background" date="2025-10-26T09:12:22.971" >
      <step title="Acquiring Deployment Lock" date="2025-10-26T09:12:23.138" /><!-- duration: 56ms -->
      <step title="Acquired Deployment Lock" date="2025-10-26T09:12:23.703" /><!-- duration: 10ms -->
    </step><!-- duration: 1119ms -->
  </step><!-- duration: 2375ms -->
  <step title="Outgoing response" date="2025-10-26T09:12:24.257" type="response" statusCode="202" statusText="Accepted" /><!-- duration: 20ms -->
</step><!-- duration: 10633ms -->
