<step title="Incoming Request" date="2025-10-27T06:08:13.471" instance="10ec71" url="/api/zipdeploy?isAsync=true" method="POST" type="request" pid="772,1,39" Accept="*/*" Host="my-chatbot-app-73d666.scm.azurewebsites.net" User-Agent="AZURECLI/2.77.0 (MSI)" Accept-Encoding="gzip, deflate" Authorization="Bas..." Cache-Control="no-cache" Content-Type="application/octet-stream" Content-Length="223272" x-ms-client-request-id="497393e5-b2fb-11f0-9b02-1cce519a4abb" x-ms-artifact-checksum="76e0d281e007a5a8181eee50fd0157e64bb9b6d9f6e0a22f14d1b4291cbbdc16" X-ARR-LOG-ID="497393e5-b2fb-11f0-9b02-1cce519a4abb" CLIENT-IP="117.250.76.240:22047" X-SITE-DEPLOYMENT-ID="my-chatbot-app-73d666" WAS-DEFAULT-HOSTNAME="my-chatbot-app-73d666.scm.azurewebsites.net" X-Forwarded-Proto="https" X-AppService-Proto="https" X-Forwarded-TlsVersion="1.3" X-WAWS-Unencoded-URL="/api/zipdeploy?isAsync=true" X-Client-IP="117.250.76.240" X-Client-Port="22047" >
  <step title="Cleanup Xml Logs" date="2025-10-27T06:08:13.476" >
    <step title="Cleanup Infos" date="2025-10-27T06:08:13.505" totalFiles="380" totalCleanup="220" /><!-- duration: 8ms -->
  </step><!-- duration: 43ms -->
  <step title="ZipPushDeploy" date="2025-10-27T06:08:13.563" >
    <step title="ZipDeploy. Extract zip. Remote build." date="2025-10-27T06:08:13.572" /><!-- duration: 6ms -->
    <step title="None repository commit" date="2025-10-27T06:08:13.604" >
      <step title="Commit id: f9a28cdb-395a-4926-91ac-50d1a2da4ca1" date="2025-10-27T06:08:13.610" Message="N/A" AuthorName="N/A" AuthorEmail="N/A" /><!-- duration: 23ms -->
    </step><!-- duration: 37ms -->
    <step title="Starting PushDeployAsync" date="2025-10-27T06:08:13.648" /><!-- duration: 5ms -->
    <step title="Writing artifact to /tmp/zipdeploy/d67571ca-06e7-4cd3-a1a6-d518b5529380.zip" date="2025-10-27T06:08:13.709" >
      <step title="Writing multipart request body to /tmp/zipdeploy/d67571ca-06e7-4cd3-a1a6-d518b5529380.zip" date="2025-10-27T06:08:13.739" /><!-- duration: 10ms -->
    </step><!-- duration: 725ms -->
    <step title="Start deployment in the background" date="2025-10-27T06:08:14.449" >
      <step title="Acquiring Deployment Lock" date="2025-10-27T06:08:14.503" /><!-- duration: 13ms -->
      <step title="Acquired Deployment Lock" date="2025-10-27T06:08:14.611" /><!-- duration: 7ms -->
    </step><!-- duration: 301ms -->
  </step><!-- duration: 1204ms -->
  <step title="Outgoing response" date="2025-10-27T06:08:14.778" type="response" statusCode="202" statusText="Accepted" /><!-- duration: 5ms -->
</step><!-- duration: 1316ms -->
