<step title="Incoming Request" date="2025-10-26T08:48:51.313" instance="10ec71" url="/api/deployments/latest" method="GET" type="request" pid="768,1,22" Accept="*/*" Host="my-chatbot-app-73d666.scm.azurewebsites.net" User-Agent="AZURECLI/2.77.0 (MSI)" Accept-Encoding="gzip, deflate" Authorization="Bas..." x-ms-client-request-id="7e9a51c1-b248-11f0-9bda-1cce519a4abb" X-ARR-LOG-ID="7e9a51c1-b248-11f0-9bda-1cce519a4abb" CLIENT-IP="149.22.84.168:53257" X-SITE-DEPLOYMENT-ID="my-chatbot-app-73d666" WAS-DEFAULT-HOSTNAME="my-chatbot-app-73d666.scm.azurewebsites.net" X-Forwarded-Proto="https" X-AppService-Proto="https" X-Forwarded-TlsVersion="1.3" X-WAWS-Unencoded-URL="/api/deployments/latest" X-Client-IP="149.22.84.168" X-Client-Port="53257" >
  <step title="Cleanup Xml Logs" date="2025-10-26T08:48:51.334" >
    <step title="Cleanup Infos" date="2025-10-26T08:48:51.498" totalFiles="306" totalCleanup="146" /><!-- duration: 76ms -->
  </step><!-- duration: 277ms -->
  <step title="DeploymentService.GetResult" date="2025-10-26T08:48:52.997" >
    <step title="DeploymentService.GetLatestDeployment" date="2025-10-26T08:48:53.042" >
      <step title="DeploymentManager.GetResults" date="2025-10-26T08:48:53.063" /><!-- duration: 20616ms -->
    </step><!-- duration: 20765ms -->
  </step><!-- duration: 21484ms -->
  <step title="Outgoing response" date="2025-10-26T08:49:14.563" type="response" statusCode="200" statusText="OK" /><!-- duration: 5ms -->
</step><!-- duration: 23261ms -->
