﻿<?xml version="1.0" encoding="utf-8"?>
<deployment>
  <id>04827a8c-9fdf-4577-babb-637483e3c2fb</id>
  <author>N/A</author>
  <deployer>Push-Deployer</deployer>
  <authorEmail>N/A</authorEmail>
  <message>Created via a push deployment</message>
  <progress></progress>
  <status>Success</status>
  <statusText></statusText>
  <lastSuccessEndTime>2025-10-27T06:16:26.1371769Z</lastSuccessEndTime>
  <receivedTime>2025-10-27T06:15:40.9748717Z</receivedTime>
  <startTime>2025-10-27T06:15:42.8695688Z</startTime>
  <endTime>2025-10-27T06:16:26.1371769Z</endTime>
  <complete>True</complete>
  <is_temp>False</is_temp>
  <is_readonly>True</is_readonly>
  <buildSummary />
</deployment>