﻿<?xml version="1.0" encoding="utf-8"?>
<deployment>
  <id>f23fb171-072c-45ed-b1ca-c095fb670990</id>
  <author>N/A</author>
  <deployer>Push-Deployer</deployer>
  <authorEmail>N/A</authorEmail>
  <message>Created via a push deployment</message>
  <progress></progress>
  <status>Success</status>
  <statusText></statusText>
  <lastSuccessEndTime>2025-10-26T09:13:31.2011124Z</lastSuccessEndTime>
  <receivedTime>2025-10-26T09:12:28.7908185Z</receivedTime>
  <startTime>2025-10-26T09:12:30.2569954Z</startTime>
  <endTime>2025-10-26T09:13:31.2011124Z</endTime>
  <complete>True</complete>
  <is_temp>False</is_temp>
  <is_readonly>True</is_readonly>
  <buildSummary />
</deployment>