﻿<?xml version="1.0" encoding="utf-8"?>
<deployment>
  <id>f9a28cdb-395a-4926-91ac-50d1a2da4ca1</id>
  <author>N/A</author>
  <deployer>Push-Deployer</deployer>
  <authorEmail>N/A</authorEmail>
  <message>Created via a push deployment</message>
  <progress></progress>
  <status>Success</status>
  <statusText></statusText>
  <lastSuccessEndTime>2025-10-27T06:09:14.8640915Z</lastSuccessEndTime>
  <receivedTime>2025-10-27T06:08:18.7078915Z</receivedTime>
  <startTime>2025-10-27T06:08:20.2115852Z</startTime>
  <endTime>2025-10-27T06:09:14.8640915Z</endTime>
  <complete>True</complete>
  <is_temp>False</is_temp>
  <is_readonly>True</is_readonly>
  <buildSummary />
</deployment>