﻿<?xml version="1.0" encoding="utf-8"?>
<deployment>
  <id>083e27ff-6bb2-4aaf-9896-0c35dc2f025f</id>
  <author>N/A</author>
  <deployer>GITHUB_ZIP_DEPLOY</deployer>
  <authorEmail>N/A</authorEmail>
  <message>{"type":"deployment","sha":"fd7d946d085d55199358a881b355cec2b0299030","repoName":"MahendraMedapati27/Data_Management_Chatbot","actor":"MahendraMedapati27","slotName":"production","commitMessage":"Trigger deployment test with Azure credentials"}</message>
  <progress></progress>
  <status>Success</status>
  <statusText></statusText>
  <lastSuccessEndTime>2025-10-27T08:53:10.6777467Z</lastSuccessEndTime>
  <receivedTime>2025-10-27T08:46:15.3534787Z</receivedTime>
  <startTime>2025-10-27T08:46:16.8017914Z</startTime>
  <endTime>2025-10-27T08:53:10.6777467Z</endTime>
  <complete>True</complete>
  <is_temp>False</is_temp>
  <is_readonly>True</is_readonly>
  <buildSummary />
</deployment>