﻿<?xml version="1.0" encoding="utf-8"?>
<deployment>
  <id>0f0e21b5-f9f3-4a96-bcea-72aeff2ea746</id>
  <author>N/A</author>
  <deployer>Push-Deployer</deployer>
  <authorEmail>N/A</authorEmail>
  <message>Created via a push deployment</message>
  <progress></progress>
  <status>Success</status>
  <statusText></statusText>
  <lastSuccessEndTime>2025-10-25T11:38:19.4616935Z</lastSuccessEndTime>
  <receivedTime>2025-10-25T11:37:36.4946765Z</receivedTime>
  <startTime>2025-10-25T11:37:37.9353289Z</startTime>
  <endTime>2025-10-25T11:38:19.4616935Z</endTime>
  <complete>True</complete>
  <is_temp>False</is_temp>
  <is_readonly>True</is_readonly>
  <buildSummary />
</deployment>