﻿<?xml version="1.0" encoding="utf-8"?>
<deployment>
  <id>ac92d18d-c5ac-4f38-bced-ed8841ea15a4</id>
  <author>N/A</author>
  <deployer>Push-Deployer</deployer>
  <authorEmail>N/A</authorEmail>
  <message>Created via a push deployment</message>
  <progress></progress>
  <status>Success</status>
  <statusText></statusText>
  <lastSuccessEndTime>2025-10-26T08:28:51.1544897Z</lastSuccessEndTime>
  <receivedTime>2025-10-26T08:24:38.0344723Z</receivedTime>
  <startTime>2025-10-26T08:24:39.4971429Z</startTime>
  <endTime>2025-10-26T08:28:51.1544897Z</endTime>
  <complete>True</complete>
  <is_temp>False</is_temp>
  <is_readonly>True</is_readonly>
  <buildSummary />
</deployment>