﻿<?xml version="1.0" encoding="utf-8"?>
<deployment>
  <id>027c7be2-01ee-4e36-a3b0-e3b945bd0c6b</id>
  <author>N/A</author>
  <deployer>Push-Deployer</deployer>
  <authorEmail>N/A</authorEmail>
  <message>Created via a push deployment</message>
  <progress></progress>
  <status>Success</status>
  <statusText></statusText>
  <lastSuccessEndTime>2025-10-26T08:44:02.1607318Z</lastSuccessEndTime>
  <receivedTime>2025-10-26T08:39:55.5616393Z</receivedTime>
  <startTime>2025-10-26T08:39:57.0140239Z</startTime>
  <endTime>2025-10-26T08:44:02.1607318Z</endTime>
  <complete>True</complete>
  <is_temp>False</is_temp>
  <is_readonly>True</is_readonly>
  <buildSummary />
</deployment>