﻿<?xml version="1.0" encoding="utf-8"?>
<deployment>
  <id>b5d70ddd-0e2f-473e-aa22-dada8a1280b8</id>
  <author>N/A</author>
  <deployer>Push-Deployer</deployer>
  <authorEmail>N/A</authorEmail>
  <message>Created via a push deployment</message>
  <progress></progress>
  <status>Success</status>
  <statusText></statusText>
  <lastSuccessEndTime>2025-10-26T17:25:20.7610938Z</lastSuccessEndTime>
  <receivedTime>2025-10-26T17:24:44.521686Z</receivedTime>
  <startTime>2025-10-26T17:24:45.9806622Z</startTime>
  <endTime>2025-10-26T17:25:20.7610938Z</endTime>
  <complete>True</complete>
  <is_temp>False</is_temp>
  <is_readonly>True</is_readonly>
  <buildSummary />
</deployment>