﻿<?xml version="1.0" encoding="utf-8"?>
<deployment>
  <id>0d135adb-a180-4c6b-a859-cbbd420ec9de</id>
  <author>N/A</author>
  <deployer>Push-Deployer</deployer>
  <authorEmail>N/A</authorEmail>
  <message>Created via a push deployment</message>
  <progress></progress>
  <status>Success</status>
  <statusText></statusText>
  <lastSuccessEndTime>2025-10-25T11:23:12.3400834Z</lastSuccessEndTime>
  <receivedTime>2025-10-25T11:19:22.7248455Z</receivedTime>
  <startTime>2025-10-25T11:19:24.2592651Z</startTime>
  <endTime>2025-10-25T11:23:12.3400834Z</endTime>
  <complete>True</complete>
  <is_temp>False</is_temp>
  <is_readonly>True</is_readonly>
  <buildSummary />
</deployment>