﻿<?xml version="1.0" encoding="utf-8"?>
<deployment>
  <id>1f2e2326-4fc9-4324-a230-98ecdeeadf1e</id>
  <author>N/A</author>
  <deployer>Push-Deployer</deployer>
  <authorEmail>N/A</authorEmail>
  <message>Created via a push deployment</message>
  <progress></progress>
  <status>Success</status>
  <statusText></statusText>
  <lastSuccessEndTime>2025-10-26T08:11:00.8505946Z</lastSuccessEndTime>
  <receivedTime>2025-10-26T08:10:05.7309189Z</receivedTime>
  <startTime>2025-10-26T08:10:07.6056663Z</startTime>
  <endTime>2025-10-26T08:11:00.8505946Z</endTime>
  <complete>True</complete>
  <is_temp>False</is_temp>
  <is_readonly>True</is_readonly>
  <buildSummary />
</deployment>